cas,name,desc-1,desc-2,desc-3,MolecularWeight
4221-98-1,(-)-(R)-.alpha.-Phellandrene, Aromatic,Medicinal,Citrus,136.2340
512-13-0,(-)-.alpha.-Fenchol, Earthy,Woody,Camphoraceous,154.2493
489-40-7,(-)-.alpha.-Gurjunene, Woody,Balsamic,Nutty,204.3511
23986-74-5,(-)-Germacrene D, Woody,Spicy,Dry,204.3511
489-86-1,(-)-Guaiol, Woody,Smoky,Rose,222.3663
1117-61-9,(+)-(R)-Citronellol, Floral,Rose,Geranium,156.2652
2216-52-6,(+)-Neomenthol, Minty,Fresh,Aromatic,156.2652
15892-23-6,(+/-)-Butan-2-ol, Fruity,Sweet,Fermented,74.1216
15932-80-6,(+/-)-Pulegone, Minty,Spearmint,Sweet,152.2334
10138-32-6,"(±)-Bicyclo[2.2.1]hept-5-ene-2-carboxylic acid, ethyl ester", Fruity,Tropical-Fruit,Floral,166.2170
23726-93-4,"(2E)-1-(2,6,6-Trimethyl-1,3-cyclohexadien-1-yl)-2-buten-1-one", Floral,Rose,Plum,190.2814
28069-72-9,"(2E,6Z)-Nona-2,6-dien-1-ol", Green,Cucumber,Oily,140.2227
71172-26-4,(4-Methoxyphenyl)methyl isobutyrate, Fruity,Berry,Honey,208.2536
24720-09-0,"(E)-1-(2,6,6-Trimethyl-2-cyclohexen-1-yl)-2-buten-1-one", Floral,Rose,Apple,192.2973
18409-17-1,(E)-2-Octen-1-ol, Green,Vegetable,Food like,128.2120
3239-35-8,"(E)-6,10-Dimethylundeca-5,9-dien-2-yl acetate", Citrus,Tangerine,Fresh,238.3657
33046-81-0,(E)-7-Methyl-3-octen-2-one, Fruity,Floral,Sweet,140.2227
79-77-6,(E)-beta-Ionone, Floral,Violet,Woody,192.2973
14898-79-4,(R)-Butan-2-ol, Fruity,Sweet,Fermented,74.1216
4221-99-2,(S)-Butan-2-ol, Fruity,Sweet,Fermented,74.1216
1576-95-0,(Z)-2-Penten-1-ol, Fruity,Cherry,Fresh,86.1323
84060-80-0,(Z)-3-Hexenyl angelate, Green,Floral,Herbal,182.2594
21944-98-9,(Z)-4-Dodecenal, Citrus,Aldehydic,Clean,182.3025
6191-71-5,(Z)-4-Hepten-1-ol, Green,Grassy,Strawberry,114.1855
3239-37-0,"(Z)-6,10-Dimethylundeca-5,9-dien-2-yl acetate", Citrus,Tangerine,Fresh,238.3657
53398-85-9,(Z)-Hex-3-enyl 2-methylbutyrate, Green,Fruity,Apple,184.2753
76238-22-7,(Z)-Non-6-enyl acetate, Fruity,Melon,Honeydew,184.2753
515-69-5,.alpha.-Bisabolol, Floral,Woody,Balsamic,222.3663
472-97-9,.beta.-Caryophyllene alcohol, Woody,Spicy,Earthy,222.3663
941-98-0,1-(1-Naphthyl)ethanone, Floral,Neroli,Sweet,170.2072
68039-35-0,"1-(2,3,4,7,8,8a-Hexahydro-3,6,8,8-tetramethyl-1H-3a,7-methanoazulen-5-yl)ethan-1-one", Woody,Cedarwood,Amber,246.3877
7779-30-8,"1-(2,6,6-Trimethyl-2-cyclohexen-1-yl)pent-1-en-3-one", Floral,Violet,oily,206.3239
23696-85-7,"1-(2,6,6-Trimethylcyclohexa-1,3-dienyl)-2-buten-1-one", Floral,Rose,Plum,190.2814
1646-26-0,1-(2-Benzofuranyl)ethanone, Powdery,Floral,Hay,160.1693
774-55-0,"1-(5,6,7,8-tetrahydro-2-naphthalenyl)ethanone", Floral,Neroli,Musk Like ,174.2390
122-84-9,1-(p-Methoxyphenyl)-2-propanone, Balsamic,Anisic,Green,164.2011
53834-70-1,"1,​5,​7-​Octatrien-​3-​ol, 3,​7-​dimethyl-​, (5E)​-", Floral,Fruity,Ylang,152.2334
3910-35-8,"1,1,3-Trimethyl-3-phenylindane", Woody,Cedarwood,Musk Like ,236.3514
34764-02-8,"1,1-Diethoxydecane", Aldehydic,Mossy,Green,230.3868
688-82-4,"1,1-Diethoxyheptane", Gourmand,Creamy,Buttery,188.3071
3658-93-3,"1,1-Diethoxyhexane", Fruity,Hyacinth,Pear,174.2805
534-15-6,"1,1-Dimethoxyethane", Green,Hay,Apple,90.1210
151-05-3,"1,1-Dimethyl-2-phenylethyl acetate", Fruity,Plum,Jasmin,192.2542
41199-19-3,"1,2,3,4,4a,5,6,7-Octahydro-2,5,5-trimethyl-2-naphthalenol", Amber,Woody,Animal Like,194.3132
91-16-7,"1,2-Dimethoxybenzene", Gourmand,Phenolic,Creamy,138.1638
13851-11-1,"1,3,3-Trimethyl-2-norbornanyl acetate", Herbal,Pine,Fresh,196.2860
1222-05-5,"1,3,4,6,7,8-Hexahydro-4,6,6,7,8,8-hexamethylcyclopenta-gamma-2-benzopyran", Musk like ,Floral,Woody,258.3984
16356-11-9,"1,3,5-Undecatriene", Green,Citrus,Cucumber,150.2606
495-76-1,"1,3-Benzodioxole-5-methanol", Balsamic,Powdery,Vanilla,152.1473
470-67-7,"1,4-Cineole", Citrus,Lime,Eucalyptus,154.2493
21112-37-8,"1,4-Dimethoxy-2-tert-butylbenzene", Woody,Vetiver,Fresh,194.2701
18679-18-0,"1,4-Dodec-6-enolactone", Gourmand, Waxy,Creamy,196.2860
13786-79-3,"1,5,9-Trimethylcyclododeca-1,5,9-triene epoxide", Woody,Amber,Cedarwood,220.3505
67952-57-2,"1,5-Dimethylhexyl acetate", Citrus,Orange,Fresh,172.2646
76-22-2,"1,7,7-Trimethylbicyclo[2.2.1]heptan-2-one", Herbal,Camphoraceous,Green,152.2334
112-45-8,10-Undecenal, Citrus,Citrus,Ozonic,168.2759
112-38-9,10-Undecenoic acid, Acidic,Woody,Aldehydic,184.2753
6707-60-4,12-Oxahexadecanolide, Musk like ,Fruity,Woody,256.3810
123-69-3,16-Hydroxy-7-hexadecenoic acid lactone, Musk like ,Powdery,Animal Like,252.3923
1193-81-3,1-Cyclohexylethanol, Herbal,Minty,Fruity,128.2120
112-30-1,1-Decanol, Citrus,Fruity,Orange,158.2811
5240-32-4,1-Ethynylcyclohexyl acetate, Herbal,Hay,Oak,166.2170
1639-09-4,1-Heptanethiol, Sulfurous,Onion,Garlic,132.267
4798-44-1,1-Hexen-3-ol, Green,Fresh,Fruity,100.1589
95-13-6,1H-Indene, Animal like ,Terpenic,Balsamic,116.1598
60899-29-8,"1H-Indene, 1-ethyl-2,3-dihydro-1,3,3-trimethyl-", Musk like ,Floral,Woody,188.3086
1203-17-4,"1H-Indene, 2,3-dihydro-1,1,2,3,3-pentamethyl-", Musk like ,Floral,Woody,188.3086
4747-07-3,1-Methoxyhexane, Floral,Sweet,Lavender,116.2013
94291-50-6,1-Methoxyhexane-3-thiol, Herbal,Green,Citrus,148.266
1076-56-8,1-Methyl-3-methoxy-4-isopropylbenzene, Woody,Smoky,Medicinal,164.2441
10198-23-9,1-Methyl-4-(1-methylvinyl)cyclohexyl acetate, Floral,Citrus,Dry,196.2860
21129-27-1,1-Methyl-4-(isopropyl)cyclohexan-1-ol, Floral,Citrus,Pine,156.2652
21964-44-3,1-Nonen-3-ol, Green,Cucumber,Violet,142.2386
111-87-5,1-Octanol, Citrus,Waxy,Green,130.2279
3391-86-4,1-Octen-3-ol, Herbal,Floral,Lavender,128.2120
4312-99-6,1-Octen-3-one, Earthy,Mushroom,Herbal,126.1962
2442-10-6,1-Octen-3-yl acetate, Herbal,Fruity,Floral,170.2487
616-25-1,1-Penten-3-ol, Green,Fruity,Leafy,86.1323
1629-58-9,1-Penten-3-one, Sulfurous,Garlic,Onion,84.1164
579-07-7,"1-Phenyl-1,2-propanedione", Aromatic,Phenolic,Dry,148.1586
10415-87-9,1-Phenyl-3-methyl-3-pentanol, Floral,Green,Anisic,178.2707
71159-90-5,1-p-Menthene-8-thiol, Citrus,Fruity,Grapefruit,170.315
112-70-9,1-Tridecanol, Floral,Woody,Green,200.3608
107-93-7,"2-​Butenoic acid, (2E)​-", Gourmand,Sweet,Milky,86.0892
2810-04-0,"2-​Thiophenecarboxylic acid, ethyl ester", Fruity,Fermented,Grape,156.202
5947-36-4,2(10)-Pinen-3-ol, Herbal,Woody,Pine,152.2334
2226-05-3,"2-(3,3-Dimethylbicyclo[2.2.1]hept-2-ylidene)ethanol", Woody,Patchouli,Camphoraceous,166.2600
4359-47-1,"2-(3-Heptyl)-1,3-dioxolane", Green,Fruity,Floral,172.2646
2110-18-1,2-(3-Phenylpropyl)pyridine, Spicy,Fresh,Green,197.2756
60047-17-8,2-(Tetrahydro-5-methyl-5-vinyl-2-furyl)propan-2-ol, Herbal,Musty,Camphoraceous,170.2487
6931-54-0,"2,10-Epoxypinane", Herbal,Rosemary,Camphoraceous,152.2334
4437-20-1,"2,2'-(Dithiodimethylene)-difuran", Sulfurous,Coffee,Onion,226.315
4501-58-0,"2,2,3-Trimethyl-3-Cyclopentene-1-acetaldehyde", Aldehydic,Green,Herbal,152.2334
7392-19-0,"2,2,6-Trimethyl-6-vinyltetrahydropyran", Citrus,Lime,Woody,154.2493
2408-37-9,"2,2,6-Trimethylcyclohexanone", Citrus,Honey,Labdanum,140.2227
13351-61-6,"2,2-Dimethyl-3-phenylpropanol", Floral,Rose,Fresh,164.2441
7416-35-5,"2,2-Dimethyl-5-(1-methylpropen-1-yl)tetrahydrofuran", Herbal,Citrus,Green,154.2493
3054-92-0,"2,3,4-Trimethyl-3-pentanol", Fruity,Green,Fresh,130.2279
1124-11-4,"2,3,5,6-Tetramethylpyrazine", Gourmand, Nutty,Coffee,136.1943
14667-55-1,"2,3,5-Trimethylpyrazine", Green,Nutty,Earthy,122.1677
2416-94-6,"2,3,6-Trimethylphenol", Smoky,Phenolic,Leathery,136.1910
513-85-9,"2,3-Butanediol", Fruity,Creamy,Buttery,90.1210
18138-04-0,"2,3-Diethyl-5-methylpyrazine", Gourmand, Nutty,Nutty,150.2209
15707-24-1,"2,3-Diethylpyrazine Food Like",Green,Vegetable,,136.1943
526-75-0,"2,3-Dimethylphenol", Earthy,Phenolic,Musty,122.1644
5910-89-4,"2,3-Dimethylpyrazine Food LikeNuttyRoasted96-04-82,3-Heptanedione Food LikeButteryCheesy3848-24-62,3-Hexanedione", Gourmand,Buttery,Caramel ,108.1411
13623-11-5,"2,4,5-Trimethylthiazole", Gourmand, Nutty,Cocoa,127.207
527-60-6,"2,4,6-Trimethylphenol", Smoky,Phenolic,Coffee,136.1910
18409-21-7,"2,4-Decadien-1-ol", Citrus,Fresh,Green,154.2493
62346-96-7,"2,4-Dimethylbenzyl acetate", Floral,Fruity,Fresh,178.2277
108-47-4,"2,4-Dimethylpyridine", Smoky,Phenolic,Animal Like,107.1531
105-67-9,"2,4-Xylenol", Smoky,Roasted,Balsamic,122.1644
5406-58-6,"2,5,5-Trimethyl-2-phenyl-1,3-dioxane", Woody,Sandalwood,Camphoraceous,206.2808
13851-06-4,"2,5,7-Trimethyl-2-decene-6,8-dione", Herbal,Hay,Green,210.3126
41239-48-9,"2,5-Diethyltetrahydrofuran", Gourmand,Caramel ,Coffee,128.2120
4077-47-8,"2,5-Dimethyl-4-methoxy-3(2H)-furanone", Fruity,Vegetable,Sweet,142.1525
123-32-0,"2,5-Dimethylpyrazine Food LikeNuttyRoasted847144-75-62,5-Octadien-4-one, 5,6,7-trimethyl-, (2E,5E)-", Fruity,Sweet,Apple,108.1411
95-87-4,"2,5-Xylenol", Smoky,Roasted,sweet,122.1644
141-13-9,"2,6,10-Trimethyl-9-undecenal", Green,Ozonic,Aldehydic,210.3556
432-25-7,"2,6,6-Trimethyl-1&2-cyclohexen-1-carboxaldehyde", Green,Saffron,Rose,152.2334
472-66-2,"2,6,6-Trimethyl-1-cyclohexen-1-acetaldehyde", Herbal,Camphoraceous,Woody,166.2600
473-54-1,"2,6,6-Trimethylbicyclo[3.1.1]heptan-3-ol", Aromatic, Pine,Woody,154.2493
1125-21-9,"2,6,6-Trimethylcyclohex-2-ene-1,4-dione", Floral,Citrus,Green,152.1904
116-26-7,"2,6,6-Trimethylcyclohexa-1,3-dienyl methanal", Herbal,Aldehydic,Tobacco,150.2176
123-18-2,"2,6,8-Trimethylnonan-4-one", Balsamic,Fruity,Oily,184.3184
91-10-1,"2,6-Dimethoxyphenol Food LikePhenolic",Smoky,,17909-77-2,154.1632
108-82-7,"2,6-Dimethyl-4-heptanol Food LikeYeastFermented108-83-82,6-Dimethyl-4-heptanone", Fruity,Wine lees*,Pineapple,144.2545
106-72-9,"2,6-Dimethyl-5-heptenal", Aldehydic,Green,Fruity,140.2227
1879-00-1,"2,6-Dimethyloct-7-en-4-one", Fruity,Tagetes,Floral,154.2493
673-84-7,"2,6-Dimethylocta-2,4,6-triene", Floral,Peppery,Herbal,136.2340
108-50-9,"2,6-Dimethylpyrazine Food LikeNuttyRoasted108-48-52,6-Dimethylpyridine Food LikeNuttyLeathery7786-44-92,6-Nonadien-1-ol", Green,Fruity ,Cucumber,108.1411
576-26-1,"2,6-Xylenol", Smoky,Phenolic,Neutral ,122.1644
68419-46-5,"2,7-Dimethyloct-5-en-4-one", Floral,Chamomile,Marigold,154.2493
32974-92-8,2-Acetyl-3-ethylpyrazine, Earthy,Nutty,Popcorn,150.1778
23787-80-6,2-Acetyl-3-methylpyrazine Food LikeNuttyRoasted1193-79-92-Acetyl-5-methylfuran, Gourmand, Nutty,Hay,136.1512
1122-62-9,2-Acetylpyridine Food LikeRoastedWaxy24295-03-22-Acetylthiazole Food LikePopcornRoasted88-15-32-Acetylthiophene, Sulfurous,Nutty,Food like,121.1366
551-93-9,2-Aminoacetophenone, Floral,Neroli,Grape,135.1632
78-92-2,2-Butanol, Fruity,Sweet,Fermented,74.1216
78-93-3,2-Butanone, Fruity,Pear,Light,72.1057
3724-65-0,2-Butenoic acid, Acidic,cheesy,Green,86.0892
90-42-6,2-Cyclohexylcyclohexanone, Floral,Cyclamen,Cumin,180.2866
4442-79-9,2-Cyclohexylethyl alcohol, Floral,Green,Peony,128.2120
21835-00-7,"2-Cyclopenten-1-one, 2-hydroxy-3,4-dimethyl-", Gourmand,Caramel ,Anisic,126.1531
4884-24-6,2-Cyclopentylcyclopentanone, Floral,Animal Like ,Indolic,152.2334
693-54-9,2-Decanone, Floral,Neroli,Peach,156.2652
3913-71-1,2-Decenal, Aldehydic,Floral,Clean,154.2493
6175-49-1,2-Dodecanone, Fruity,Citrus,Orange,184.3184
4826-62-4,2-Dodecenal, Citrus,Aldehydic,Mandarin,182.3025
97-95-0,2-Ethyl-1-butanol, Fruity,Sweet,Berry,102.1748
104-76-7,2-Ethyl-1-hexanol, Camphoraceous, Aldehydic,Sweet,130.2279
15707-23-0,"2-Ethyl-3-methylpyrazine Food LikeNuttyCorn28219-61-62-Ethyl-4-(2,2,3-trimethyl-3-cyclopenten-1-yl)-2-buten-1-ol", Woody,Sandalwood,Creamy,122.1677
27538-09-6,2-Ethyl-4-hydroxy-5-methyl-3(2H)-furanone, Gourmand,Sweet,Maple,142.1525
27538-10-9,2-Ethyl-4-hydroxy-5-methylfuran-3(2H)-one, Gourmand,Caramel ,Butterscotch,142.1525
15679-12-6,2-Ethyl-4-methylthiazole Food Like,Green,Nutty,,127.207
13360-64-0,2-Ethyl-5-methylpyrazine Food LikeCoffeeRoasted10031-87-52-Ethylbutyl acetate, Fruity,Sweet,Floral,122.1677
88-09-5,2-Ethylbutyric acid, Acidic,Neutral,Pungent,116.1583
3208-16-0,2-Ethylfuran, Gourmand,Sweet,Malty,96.1271
123-05-7,2-Ethylhexanal, Fruity,Green,Oily,128.2120
103-09-3,2-Ethylhexyl acetate, Fruity,Sweet,Berry,172.2646
13925-00-3,"2-Ethylpyrazine Food LikePeanutCocoa564-94-32-Formyl-6,6-dimethylbicyclo(3.1.1)hept-2-ene", Spicy,Cinnamon,Tonka,108.1411
1192-62-7,2-Furyl methyl ketone, Gourmand,Sweet,Milky,110.1106
543-49-7,2-Heptanol, Herbal,Fresh,Lemongrass,116.2013
5921-82-4,2-Heptyl acetate, Fruity,Fenugreek,Green,158.2380
4359-57-3,"2-Heptyl-1,3-dioxolane", Citrus,Orange,Aldehydic,172.2646
137-03-1,2-Heptylcyclopentanone, Floral,Jasmin,Fruity,182.3025
626-93-7,2-Hexanol, Herbal,Fruity,Green,102.1748
2305-21-7,2-Hexen-1-ol, Green,Sharp,Leafy,100.1589
505-57-7,2-Hexenal, Green,Aldehydic,Floral,98.1430
1708-34-5,"2-Hexyl-1,3-dioxolane", Fruity,Fresh,Green,158.2380
118-93-4,2-Hydroxyacetophenone, Balsamic,Phenolic,Honey,136.1479
87-41-2,2-Hydroxymethylbenzoic acid gamma lactone, Tobacco like ,Hay,Coconut,134.1320
24683-00-9,2-Isobutyl-3-methoxypyrazine, Green,Galbanum,Pea,166.2203
13925-06-9,2-Isobutyl-3-methylpyrazine, Gourmand,Caramel ,Herbal,150.2209
63500-71-0,2-Isobutyl-4-methyltetrahydro-2H-pyran-4-ol (Pyranol), Floral,Muguet,Soft,172.2646
93-19-6,2-Isobutylquinoline, Woody,Amber,Dry,185.2649
18640-74-9,2-Isobutylthiazole, Green,Earthy,Metallic,141.234
31574-44-4,2-Isopropyl-4-methylanisole, Green,Aromatic,Herbal,164.2441
15679-13-7,2-Isopropyl-4-methylthiazole, Fruity,Apricot,Peach,141.234
35158-25-9,2-Isopropyl-5-methyl-2-hexenal, Herbal,Lavender,Woody,154.2493
88-69-7,2-Isopropylphenol, Animal like ,Phenolic,Woody,136.1910
25773-40-4,2-Methoxy-3(5 and 6)-isopropylpyrazine, Gourmand,Chocolate,Ethereal,152.1937
2847-30-5,2-Methoxy-3-methylpyrazine, Green,Almond,Peanut,124.1405
93-51-6,2-Methoxy-4-methylphenol, Spicy,Smoky,Vanilla,138.1638
2785-87-7,2-Methoxy-4-propylphenol, Spicy,Dry,Bayleaf,166.2170
7786-61-0,2-Methoxy-4-vinylphenol, Spicy,Sweet,Clove,150.1745
91-63-4,2-Methyl quinoline, Green,Woody,Medicinal,143.1852
1569-60-4,2-Methyl-2-hepten-6-ol, Green,Floral,Citrus,128.2120
623-36-9,2-Methyl-2-pentenal, Herbal,Fresh,Floral,98.1430
16957-70-3,2-Methyl-2-pentenoic acid, Fruity,Strawberry,Woody,114.1424
75-65-0,2-Methyl-2-propanol, Aromatic,Camphoraceous,Herbal,74.1216
103-95-7,2-Methyl-3-(p-isopropylphenyl)propionaldehyde, Floral,Green,Cyclamen,190.2814
32737-14-7,"2-Methyl-3,5 or 6-ethoxypyrazine", Gourmand,Sweet,Nutty,138.1671
115-18-4,2-Methyl-3-buten-2-ol, Herbal,Earthy,Oily,86.1323
3155-71-3,"2-Methyl-4-(2,6,6-trimethylcyclohex-1-en-1-yl)-2-butenal", Floral,Violet,Osmanthus,206.3239
33941-99-0,"2-Methyl-4-phenyl-1,3-dioxolane", Animal like ,Floral,Jasmin,164.2011
103-05-9,2-Methyl-4-phenyl-2-butanol, Floral,Rose,Citrus,164.2441
103-07-1,2-Methyl-4-phenyl-2-butyl acetate, Floral,Rose,Tea,206.2808
13678-59-6,2-Methyl-5-(methylthio)furan Food LikeRoastedCoffee25634-93-92-Methyl-5-phenylpentanol, Floral,Rose,Powdery,128.192
137-32-6,2-Methylbutanol, Fruity,Fresh,Green,88.1482
2445-78-5,2-Methylbutyl 2-methylbutyrate, Fruity,Pear,Apple,172.2646
624-41-9,2-Methylbutyl acetate, Fruity,Sweet,Banana,130.1849
51115-64-1,2-Methylbutyl butyrate, Fruity,Apple,Floral,158.2380
96-17-3,2-Methylbutyraldehyde, Gourmand,Cocoa,Coffee,86.1323
19009-56-4,2-Methyldecanal, Aldehydic,Citrus,Floral,170.2918
69300-15-8,2-Methyldecanenitrile, Fruity,Peach,Jasmin,167.2911
3142-72-1,2-Methylpent-2-en-1-oic acid, Fruity,Sweet,Strawberry,114.1424
123-15-9,2-Methylpentanal, Fruity,Fresh,Herbal,100.1589
90397-38-9,2-Methylpentyl 2-methylvalerate, Fruity,Green,Pear,200.3178
2445-67-2,2-Methylpropyl 2-methylbutyrate, Fruity,Sweet,Berry,158.2380
589-59-3,2-Methylpropyl 3-methylbutyrate, Fruity,Apple,Raspberry,158.2380
5461-06-3,2-Methylpropyl octanoate, Fruity,Green,Oily,200.3178
10588-10-0,2-Methylpropyl pentanoate, Fruity,Sweet,Tropical-Fruit,158.2380
109-08-0,2-Methylpyrazine Food LikeNutty,Earthy,,3188-00-9,94.1145
110-41-8,2-Methylundecanal, Aldehydic,Orange,Citrus,184.3184
24323-25-9,2-Methylundecanoic acid, Fruity,Waxy,Creamy,200.3178
97-61-0,2-Methylvaleric acid, Acidic,Sour,Cheesy,116.1583
821-55-6,2-Nonanone, Fruity,Floral,Herbal,142.2386
22104-79-6,2-Nonen-1-ol, Fruity,Oily,Melon,142.2386
2463-53-8,2-Nonenal, Green,Cucumber,Oily,140.2227
21963-26-8,2-Nonenoic acid gamma-lactone, Fruity,Minty,Coconut,154.2063
123-96-6,2-Octanol, Green,Floral,Leafy,130.2279
4643-27-0,2-Octen-4-one, Fruity,Sweet,Tropical-Fruit,126.1962
2363-89-5,2-Octenal, Aldehydic,Green,Herbal,126.1962
2345-28-0,2-Pentadecanone, Floral,Oily,Fresh,226.3981
6032-29-7,2-Pentanol, Gourmand,Fermented,Fruity,88.1482
107-87-9,2-Pentanone, Fruity,Sweet,Fermented,86.1323
3777-69-3,2-Pentylfuran, Fruity,Green,Cocoa,138.2069
122-99-6,2-Phenoxyethanol, Floral,Rose,Spicy,138.1638
103-60-6,2-Phenoxyethyl isobutyrate, Floral,Fruity,Rose,208.2536
23495-12-7,2-Phenoxyethyl propionate, Fruity,Balsamic,Myrrh,194.2271
4411-89-6,2-Phenyl-2-butenal, Gourmand,Honey,Rose,146.1858
617-94-7,2-Phenyl-2-propanol, Balsamic,Green,Floral,136.1910
67662-96-8,2-Phenylethyl pivalate, Floral,Rose,Fruity,206.2808
7460-74-4,2-Phenylethyl valerate, Floral,Fruity,Rose,206.2808
93-53-8,2-Phenylpropionaldehyde, Green,Floral,Rose,134.1751
90-87-9,2-Phenylpropionaldehyde dimethyl acetal, Floral,Green,Watery,180.2435
699-02-5,2-p-Tolylethanol, Floral,Rose,Cyclamen,136.1910
14765-30-1,2-sec-Butylcyclohexanone, Herbal,Minty,Camphoraceous,154.2493
1728-46-7,2-tert-Butylcyclohexanone, Woody,Camphoraceous,Patchouli,154.2493
21662-13-5,2-trans-6-cis-Dodecadienal, Citrus,Green,Fruity,180.2866
20407-84-5,2-trans-Dodecenal, Aldehydic,Citrus,Coriander,182.3025
593-08-8,2-Tridecanone, Herbal,Fruity,Floral,198.3449
7774-82-5,2-Tridecenal, Aldehydic,Mandarin,Orange,196.3291
1653-30-1,2-Undecanol, Fruity,Oily,Peach,172.3077
112-12-9,2-Undecanone, Herbal,Floral,Citrus,170.2918
2463-77-6,2-Undecenal, Citrus,Green,Fruity,168.2759
31906-04-4,3 and 4-(4-Hydroxy-4-methylpentyl)-3-cyclohexene-1-carboxaldehyde, Floral,Muguet,Sweet,210.3126
1577-18-0,"3-​Hexenoic acid, (3E)​- Food LikeCheesy",Fruity,,85508-08-3,114.1424
52475-89-5,3-(4-Methyl-3-pentenyl)cyclohex-3-ene-1-carbaldehyde, Aldehydic,Fresh,Green,192.2973
67801-33-6,3-(Hydroxymethyl)nonan-2-one, Herbal,Lavender,Sweet,172.2646
51755-66-9,3-(Methylthio)-1-hexanol, Fruity,Pineapple,Mango,148.266
51755-85-2,3-(Methylthio)hexyl acetate, Sulfurous,Garlic,Onion,190.303
505-10-2,3-(Methylthio)propanol, Sulfurous,Onion,Garlic,106.187
3268-49-3,3-(Methylthio)propionaldehyde Food LikeVegetableFatty62518-65-43-(m-tert-Butylphenyl)-2-methylpropionaldehyde, Floral,Muguet,Sweet,104.171
76649-26-8,"3,​6-​Nonadien-​1-​ol, 1-​acetate", Green,Fresh,Floral,182.2594
13494-06-9,"3,4-Dimethyl-1,2-cyclopentadione", Gourmand,Caramel ,Licorice,126.1531
632-15-5,"3,4-Dimethylthiophene", Sulfurous,Roasted,Onion,112.193
4437-51-8,"3,4-Hexanedione", Gourmand,Buttery,Caramel ,114.1424
95-65-8,"3,4-Xylenol", Smoky,Roasted,Earthy,122.1644
3452-97-9,"3,5,5-Trimethyl-1-hexanol", Herbal,Green,Geranium,144.2545
116-02-9,"3,5,5-Trimethylcyclohexanol", Minty,Cooling,Earthy,142.2386
5435-64-3,"3,5,5-Trimethylhexanal", Green,Floral,Aldehydic,142.2386
58430-94-7,"3,5,5-Trimethylhexyl acetate", Citrus,Green,Herbal,186.2912
4179-19-5,"3,5-Dimethoxytoluene", Earthy,Nutty,Sweet,152.1904
13494-07-0,"3,5-Dimethyl-1,2-cyclopentadione", Gourmand,Toffee,Burnt ,126.1531
108-68-9,"3,5-Dimethylphenol Food LikeCoffee",Smoky,,68039-40-7,122.1644
76649-25-7,"3,6-Nonadien-1-ol", Green,Fresh,Violet,140.2227
6753-98-6,"3,7,10-Humulatriene", Woody,Balsamic,Warm,204.3511
13877-91-3,"3,7-Dimethyl-1,3,6-octatriene", Herbal,Metallic,Citrus,136.2340
61931-80-4,"3,7-Dimethyl-1,6-nonadien-3-yl acetate", Floral,Citrus,Fresh,210.3126
106-21-8,"3,7-Dimethyl-1-octanol", Floral,Rose,Citrus,158.2811
20780-49-8,"3,7-Dimethyl-1-octanyl acetate", Fruity,Sweet,Honey,200.3178
624-15-7,"3,7-Dimethyl-2,6-octadien-1-ol", Floral,Rose,Geranium,154.2493
55722-59-3,"3,7-Dimethyl-3,6-octadienal", Citrus,Lemon,Rose,152.2334
502-47-6,"3,7-Dimethyl-6-octenoic acid", Green,Oily,Floral,170.2487
18479-49-7,"3,7-Dimethyloct-1-en-3-ol", Herbal,Floral,Lavender,156.2652
18479-51-1,"3,7-Dimethyloct-6-en-3-ol", Floral,Citrus,Woody,156.2652
141-25-3,"3,7-Dimethyloct-7-en-1-ol", Floral,Rose,Geranium,156.2652
7158-25-0,"3a,4,4a,5,8,8a,9,9a-Octahydro-4,9:5,8-dimethano-1H-benz[f]indene", Woody,Balsamic,Patchouli,198.3034
10599-70-9,"3-Acetyl-2,5-dimethylfuran", Gourmand,Coffee,Nutty,138.1638
350-03-8,3-Acetylpyridine Food LikeRoastedWaxy60466-73-13-Benzyltetrahydropyran, Citrus,Rhubarb,Green,121.1366
551-08-6,3-Butylidenephthalide, Herbal,Celery,Green,188.2225
10519-33-2,3-Decen-2-one, Green,Oily,Fruity,154.2493
68083-57-8,3-Dodecenal, Citrus,Mandarin,Orange,182.3025
13360-65-1,"3-Ethyl-2,5-dimethylpyrazine Food LikeNutty",Green,,13925-07-0,136.1943
620-17-7,3-Ethylphenol Food LikeCoffeePhenolic536-78-73-Ethylpyridine, Green,Leathery,Tobacco,122.1644
106-35-4,3-Heptanone, Fruity,Green,Oily,114.1855
589-38-8,3-Hexanone, Fruity,Sweet,Grape,100.1589
544-12-7,3-Hexen-1-ol (isomer unspecified), Green,Fresh,Floral,100.1589
4440-65-7,3-Hexenal, Green,Fruity,Floral,98.1430
42436-07-7,3-Hexenyl phenylacetate, Green,Floral,Honey,218.2915
18436-37-8,3-Hexyldihydrofuran-2(3H)-one, Fruity,Floral,Coconut,170.2487
67633-97-0,3-Mercapto-2-pentanone, Sulfurous,Onion,Vegetable,118.197
34300-94-2,3-Mercapto-3-methyl-1-butanol Food LikeRoastedSweet75832-79-03-Mercapto-4-methyl-2-pentanone, Fruity,Blackcurrant,Berry,120.213
51755-83-0,3-Mercaptohexanol, Fruity,Tropical-Fruit,Citrus,134.240
136954-20-6,3-Mercaptohexyl acetate, Fruity,Tropical-Fruit,Floral,176.276
3209-13-0,3-Methoxy-5-cresol, Woody,Mossy,Hay,138.1638
541-91-3,3-Methyl-1-cyclopentadecanone, Musk like ,Powdery,Animal Like,238.4088
1128-08-1,3-Methyl-2-(n-pentanyl)-2-cyclopenten-1-one, Floral,Jasmin,Myrrh,166.2600
113486-29-6,"3-Methyl-2,4-nonedione", Fruity,Caramel ,Burnt,170.2487
556-82-1,3-Methyl-2-buten-1-ol, Green,Fruity,Lavender,86.1323
107-86-8,3-Methyl-2-butenal, Aldehydic,Fruity,Nutty,84.1164
1191-16-8,3-Methyl-2-butenyl acetate, Fruity,Pear,Green,128.1690
5205-11-8,3-Methyl-2-butenyl benzoate, Floral,Fruity,Green,190.2384
68555-58-8,3-Methyl-2-butenyl salicylate, Floral,Herbal,Green,206.2378
1193-18-6,3-Methyl-2-cyclohexen-1-one, Gourmand, Nutty,Sweet,110.1537
5205-07-2,3-Methyl-3-butenyl acetate, Fruity,Pear,Apple,128.1690
3842-03-3,3-Methylbutanal diethyl acetal, Fruity,Oily,Peach,160.2539
19329-89-6,3-Methylbutyl 2-hydroxypropionate, Fruity,Creamy,Nutty,160.2108
27625-35-0,3-Methylbutyl 2-methylbutanoate, Fruity,Berry,Citrus,172.2646
2050-01-3,3-Methylbutyl 2-methylpropanoate, Fruity,Sweet,Apricot,158.2380
2050-09-1,3-Methylbutyl valerate, Fruity,Green,Apple,172.2646
590-86-3,3-Methylbutyraldehyde, Aldehydic,Chocolate,Peach,86.1323
541-47-9,3-Methylcrotonic acid, Green,Phenolic,Dairy,100.1158
765-70-8,"3-Methylcyclopentane-1,2-dione", Gourmand,Licorice,Caramel ,112.1265
105-43-1,3-Methylpentanoic acid, Acidic,Sharp,Cheesy,116.1583
53082-58-9,3-Methylpentyl 2-methylisocrotonate, Woody,Floral,Celery,184.2753
624-51-1,3-Nonanol, Green,Herbal,Oily,144.2545
925-78-0,3-Nonanone, Fruity,Floral,Sweet,142.2386
14309-57-0,3-Nonen-2-one, Fruity,Berry,Licorice,140.2227
589-98-0,3-Octanol, Earthy,Mushroom,Woody,130.2279
106-68-3,3-Octanone, Herbal,Fruity,Mushroom,128.2120
1669-44-9,3-Octen-2-one, Earthy,Mushroom,Sweet,126.1962
4864-61-3,3-Octyl acetate, Fruity,Bergamot,Woody,172.2646
122-97-4,3-Phenyl-1-propanol, Floral,Balsamic,Hyacinth,136.1910
7306-12-9,3-Phenyl-3-buten-1-yl acetate, Anisic,Floral,Balsamic,190.2384
104-53-0,3-Phenylpropionaldehyde, Green,Melon,Aldehydic,134.1751
501-52-0,3-Phenylpropionic acid, Floral,Sweet,Spicy,150.1745
122-68-9,3-Phenylpropyl cinnamate, Balsamic,Spicy,Fruity,266.3343
103-58-2,3-Phenylpropyl isobutyrate, Fruity,Sweet,Balsamic,206.2808
23267-57-4,"4-(1,2-Epoxy-2,6,6-trimethylcyclohexyl)-3-buten-2-one", Floral,Violet,Powdery,208.2967
55418-52-5,"4-(3,4-Methylenedioxyphenyl)-2-butanone", Fruity,Sweet,Raspberry,192.2112
2057-49-0,4-(3-Phenylpropyl)pyridine, Spicy,Fresh,Green,197.2756
5471-51-2,4-(p-Hydroxyphenyl)-2-butanone, Fruity,Powdery,Raspberry,164.2011
104-20-1,4-(p-Methoxyphenyl)-2-butanone, Fruity,Raspberry,Cherry,178.2277
53498-32-1,"4,5-Dimethyl-2-isobutylthiazole", Floral,Green,Geranium,169.287
28664-35-9,"4,5-Dimethyl-3-hydroxy-2,5-dihydrofuran-2-one", Gourmand,Caramel ,Sweet,128.1259
675-09-2,"4,6-Dimethyl-2H-pyran-2-one", Gourmand,Caramel ,Anisic,124.1372
67845-50-5,"4,8-Dimethyl-3-7-nonadien-2-ol", Floral,Rose,Lemon,168.2759
18871-14-2,4-Acetoxy-3-pentyltetrahydropyran, Floral,Jasmin,Tea,214.3013
13171-00-1,"4-Acetyl-6-t-butyl-1,1-dimethylindan", Musk like ,Powdery,Clean,244.3719
501-92-8,4-Allylphenol, Herbal,Thyme,Spicy,134.1751
562-74-3,4-Carvomenthenol, Herbal,Earthy,Woody,154.2493
4748-78-1,4-Ethylbenzaldehyde, Anisic,Almond,Cherry,134.1751
2785-89-9,4-Ethylguaiacol, Spicy,Phenolic,Woody,152.1904
123-19-3,4-Heptanone, Fruity,Fermented,Green,114.1855
6728-31-0,4-Heptenal, Green,Fatty,Creamy,112.1696
928-91-6,"4-Hexen-1-ol, (4Z)-", Green,Herbal,Vegetable,100.1589
58461-27-1,"4-Hexen-1-ol, 5-methyl-2-(1-methylethenyl)-", Floral,Waxy,Mimosa,154.2493
498-16-8,"4-Hexen-1-ol, 5-methyl-2-(1-methylethenyl)-, (R)-", Herbal,Warm,Rose,154.2493
3658-77-3,"4-Hydroxy-2,5-dimethyl-3(2H)-furanone", Gourmand,Caramel ,Strawberry,128.1259
498-02-2,4'-Hydroxy-3'-methoxyacetophenone, Balsamic,Sweet,Vanilla,166.1739
39212-23-2,4-Hydroxy-3-methyloctanoic acid lactone, Tobacco like ,Woody,Lovage,156.2221
591-12-8,4-Hydroxy-3-pentenoic acid lactone, Herbal,Sweet,Anisic,98.0999
123-08-0,4-Hydroxybenzaldehyde, Woody,Sweet,Almond,122.1213
96-48-0,4-Hydroxybutanoic acid lactone, Fruity,Chocolate,Peach,86.0892
6379-73-3,4-Isopropyl-2-methoxy-1-methylbenzene, Herbal,Spicy,Green,164.2441
4621-04-9,4-Isopropylcyclohexanol, Animal like ,Floral,Rose,142.2386
94087-83-9,4-Methoxy-2-methyl-2-butanethiol, Fruity,Sulfurous,Mango,134.240
100-09-4,4-Methoxybenzoic acid, Animal like ,Pungent,Leathery,152.1473
108-10-1,4-Methyl-2-pentanone, Green,Herbal,Fruity,100.1589
26643-91-4,4-Methyl-2-phenyl-2-pentenal, Gourmand,Cocoa,Nutty,174.2390
137-00-8,4-Methyl-5-thiazoleethanol, Gourmand, Milky,Creamy,143.207
1759-28-0,4-Methyl-5-vinylthiazole, Gourmand, Nutty,Musty,125.191
122-00-9,4'-Methylacetophenone, Floral,Soft,Heliotrope,134.1751
2216-45-7,4-Methylbenzyl acetate, Floral,Hyacinth,Green,164.2011
54947-74-9,4-Methyloctanoic acid, Acidic,Animal Like ,Dry,158.2380
646-07-1,4-Methylpentanoic acid, Acidic,Gourmand,Pungent,116.1583
2344-70-9,4-Phenyl-2-butanol, Floral,Peony,Mimosa,150.2176
17488-65-2,4-Phenyl-3-buten-2-ol, Balsamic,Floral,Fruity,148.2017
16587-71-6,4-t-Amylcyclohexanone, Woody,Orris,Camphoraceous,168.2759
2040-10-0,"4'-tert-Butyl-2',6'-dimethylacetophenone", Woody,Powdery,Warm,204.3080
98-52-2,4-tert-Butylcyclohexanol, Woody,Camphoraceous,Floral,156.2652
32210-23-4,4-tert-Butylcyclohexyl acetate, Fruity,Apple,Woody,198.3019
546-79-2,4-Thujanol, Herbal,Minty,Eucalyptus,154.2493
34413-35-9,"5,6,7,8-Tetrahydroquinoxaline Food LikeRoastedCorn358331-95-05,6,7-Trimethylocta-2,5-dien-4-one", Fruity,Apple,Sweet,134.1784
15323-35-0,"5-Acetyl-1,1,2,3,3,6-hexamethylindan", Musk like ,Amber,Powdery,244.3719
68140-48-7,"5-Acetyl-3-isopropyl-1,1,2,6-tetramethylindane", Musk like ,Fruity,Sweet,258.3984
104-90-5,5-Ethyl-2-methylpyridine Food LikeNuttyPotato698-10-25-Ethyl-3-hydroxy-4-methyl-2(5H)-furanone, Gourmand,Popcorn,Butterscotch,121.1796
23747-48-0,"5H-5-Methyl-6,7-dihydrocyclopenta(b)pyrazine", Earthy,Sweet,Nutty,134.1784
109-49-9,5-Hexen-2-one, Floral,Green,Fresh,98.1430
27593-23-3,"5-Hydroxy-2,4-decadienoic acid delta-lactone", Tobacco like ,Hay,Coconut,166.2170
25524-95-2,5-Hydroxy-7-decenoic acid delta-lactone, Fruity,Jasmin,Apricot,168.2328
13679-86-2,5-Isopropenyl-2-methyl-2-vinyltetrahydrofuran, Green,Herbal,Minty,154.2493
81925-81-7,5-Methyl-2-hepten-4-one Food LikeNuttyRoasted21834-92-45-Methyl-2-phenyl-2-hexenal, Gourmand, Nutty,Roasted,126.1962
13679-70-4,5-Methyl-2-thiophenecarboxaldehyde, Fruity,Sweet,Almond,126.176
620-02-0,5-Methylfurfural, Gourmand,Sweet,Caramel ,110.1106
13708-12-8,5-Methylquinoxaline, Gourmand, Nutty,Roasted,144.1732
2277-20-5,"6-​Nonenal, (6E)​-", Aldehydic,Cucumber,Woody,140.2227
502-69-2,"6,10,14-Trimethyl-2-pentadecanone", Floral,Herbal,Jasmin,268.4778
3796-70-1,"6,10-Dimethyl-5,9-undecadien-2-one", Floral,Green,Pear,194.3132
689-67-8,"6,10-Dimethylundeca-5,9-dien-2-one", Floral,Rose,Sweet,194.3132
67674-46-8,"6,6-Dimethoxy-2,5,5-trimethylhex-2-ene", Citrus,Grapefruit,Green,186.2912
33704-61-9,"6,7-Dihydro-1,1,2,3,3-pentamethyl-4(5H)-indanone", Amber,Woody,Aromatic,206.3239
21145-77-7,"6-Acetyl-1,1,2,4,4,7-hexamethyltetraline", Musk like ,Woody,Powdery,258.3984
135-79-5,6-Isopropylquinoline, Green,Woody,Earthy,171.2383
79-70-9,6-Methyl-.beta.-ionone, Floral,Violet,Powdery,206.3239
1604-28-0,"6-Methyl-3,5-heptadien-2-one", Spicy,Cinnamon,Fruity,124.1803
110-93-0,6-Methyl-5-hepten-2-one, Herbal,Green,Lavender,126.1962
91-62-3,6-Methylquinoline, Animal like ,Leathery,Tobacco,143.1852
5949-05-3,"6-Octenal, 3,7-dimethyl-, (3S)-", Citrus,Lemongrass,Citronella,154.2493
65442-31-1,6-sec-Butylquinoline, Herbal,Leathery,Smoky,185.2649
21661-97-2,"7-​Decenal, (7Z)​-", Aldehydic,Green,Clean,154.2493
55050-40-3,7-Methyl-3-methyleneoct-6-enal, Citrus,Lemon,Verbena,152.2334
542-46-1,9-Cycloheptadecen-1-one, Musk like ,Animal Like ,Soft,250.4195
13019-22-2,9-Decen-1-ol, Floral,Aldehydic,Rose,156.2652
35194-30-0,9-Decen-2-one, Fruity,Green,Pineapple,154.2493
14436-32-9,9-Decenoic acid, Green,Fruity,Oily,170.2487
50816-18-7,9-Decenyl acetate, Floral,Rose,Sweet,198.3019
105-57-7,Acetal, Fruity,Kiwi,Citrus,118.1742
75-07-0,Acetaldehyde, Fruity,Apple,Aldehydic,44.0526
3390-12-3,Acetaldehyde cyclic propylene glycol acetal, Green,Fruity,Floral,102.1317
54484-73-0,Acetaldehyde ethyl hexyl acetal, Floral,Green,Muguet,174.2805
40910-49-4,Acetaldehyde ethyl linalyl acetal, Floral,Tropical-Fruit,Herbal,226.3550
122-71-4,"Acetaldehyde, diphenethyl acetal", Green,Floral,Rose,270.3661
100-06-1,Acetanisole, Powdery,Soft,Mimosa,150.1745
513-86-0,"Acetoin Food LikeButteryMilky1392276-61-7Acetonitrile, 2-​(2,​4,​4-​trimethylcyclopentyl​idene)​-", Spicy,Saffron,Leathery,88.1051
98-86-2,Acetophenone, Floral,Sweet,Powdery,120.1485
600-14-6,Acetyl propionyl, Gourmand,Caramel ,Sweet,100.1158
22047-25-2,Acetylpyrazine, Gourmand,Buttery,Popcorn,122.1246
79-78-7,Allyl alpha-ionone, Powdery,Floral,Violet,232.3612
2051-78-7,Allyl butyrate, Fruity,Pineapple,Green,128.1690
1866-31-5,Allyl cinnamate, Spicy,Balsamic,Cinnamon,188.2225
2705-87-5,Allyl cyclohexanepropionate, Fruity,Pineapple,Apple,196.2860
57856-81-2,Allyl decanoate, Fruity,Sweet,Pineapple,212.3285
2179-57-9,Allyl disulfide, Sulfurous,Onion,Garlic,146.274
142-19-8,Allyl heptanoate, Fruity,Pineapple,Green,170.2487
123-68-2,Allyl hexanoate, Fruity,Sweet,Pineapple,156.2221
4230-97-1,Allyl octanoate, Fruity,Pineapple,Waxy,184.2753
7493-74-5,Allyl phenoxyacetate, Green,Fruity,Honey,192.2112
1797-74-6,Allyl phenylacetate, Fruity,Honey,Rum,176.2118
2408-20-0,Allyl propionate, Fruity,Apple,Apricot,114.1424
592-88-1,Allyl sulfide, Sulfurous,Onion,Garlic,114.209
100-86-7,"alpha,alpha-Dimethylphenethyl alcohol", Floral,Fresh,Rose,150.2176
10094-34-5,"alpha,alpha-Dimethylphenethyl butyrate", Fruity,Floral,Berry,220.3074
122-40-7,alpha-Amylcinnamaldehyde, Floral,Jasmin,Balsamic,202.2921
101-85-9,alpha-Amylcinnamyl alcohol, Floral,Jasmin,Citrus,204.3080
7492-44-6,alpha-Butylcinnamaldehyde, Floral,Fruity,Green,188.2655
469-61-4,alpha-Cedrene, Woody,Cedarwood,Aromatic,204.3511
10461-98-0,alpha-Cyclohexylidene benzeneacetonitrile, Floral,Rose,Geranium,197.2756
502-61-4,alpha-Farnesene, Floral,Woody,Green,204.3511
3691-12-1,alpha-Guaiene, Woody,Peppery,Balsamic,204.3511
101-86-0,alpha-Hexylcinnamaldehyde, Floral,Jasmin,Citrus,216.3187
25312-34-9,alpha-Ionol, Powdery,Floral,Gourmand,194.3132
127-41-3,alpha-Ionone, Floral,Violet,Fruity,192.2973
79-69-6,alpha-Irone, Floral,Iris,Violet,206.3239
7779-78-4,alpha-Isobutylphenethyl alcohol, Balsamic,Floral,warm,178.2707
127-51-5,alpha-iso-Methylionone, Floral,Violet,Woody,206.3239
1205-17-0,"alpha-Methyl-1,3-benzodioxole-5-propionaldehyde", Floral,Green,Cyclamen,192.2112
93-92-5,alpha-Methylbenzyl acetate, Green,Fruity,Rhubarb,164.2011
98-85-1,alpha-Methylbenzyl alcohol, Floral,Fruity,Woody,122.1644
120-45-6,alpha-Methylbenzyl propionate, Fruity,Floral,Green,178.2277
101-39-3,alpha-Methylcinnamaldehyde, Spicy,Warm,Sweet,146.1858
1504-55-8,alpha-Methylcinnamic alcohol, Floral,Sweet,Oriental,148.2017
99-83-2,alpha-Phellandrene, Citrus,Lime,Herbal,136.2340
80-56-8,alpha-Pinene, Herbal,Pine,Camphoraceous,136.2340
705-73-7,alpha-Propylphenethyl alcohol, Green,Fruity,Earthy,164.2441
80-26-2,alpha-Terpineol acetate, Citrus,Bergamot,Herbal,196.2860
71-41-0,Amyl alcohol, Balsamic,Fruity,Light,88.1482
540-18-1,Amyl butyrate, Fruity,Banana,Pineapple,158.2380
3487-99-8,Amyl cinnamate, Woody,Balsamic,Sweet,218.2915
638-49-3,Amyl formate, Fruity,Banana,Green,116.1583
540-07-8,Amyl hexanoate, Fruity,Sweet,Green,186.2912
2445-72-9,Amyl isobutyrate, Fruity,Apple,Banana,158.2380
638-25-5,Amyl octanoate, Fruity,Pineapple,Green,214.3443
2050-08-0,Amyl salicylate, Floral,Green,Balsamic,208.2536
2173-56-0,Amyl valerate, Fruity,Banana,Pear,172.2646
104-46-1,Anethole (isomer unspecified), Anisic,Green,Herbal,148.2017
100-66-3,Anisole, Floral,Medicinal,Hawthorn,108.1378
1331-83-5,Anisyl acetate (isomer unspecified), Fruity,Berry,Anisic,180.2005
105-13-5,Anisyl alcohol, Anisic,Sweet,Licorice,138.1638
122-91-8,Anisyl formate, Spicy,Powdery,Anisic,166.1739
7549-33-9,Anisyl propionate, Fruity,Anisic,Berry,194.2271
100-52-7,Benzaldehyde, Fruity,Cherry ,Almond,106.1219
1125-88-8,Benzaldehyde dimethyl acetal, Floral,Almond,Fruity,152.1904
2568-25-4,Benzaldehyde propylene glycol acetal, Floral,Narcissus,Sweet,164.2011
2186-92-7,"Benzene, 1-​(dimethoxymethyl)​-​4-​methoxy-", Floral,Hawthorn,Jasmin,182.2164
637-69-4,"Benzene, 1-​ethenyl-​4-​methoxy-", Anisic,Floral,Sweet,134.1751
65-85-0,Benzoic acid, Herbal,Balsamic,Powdery,122.1213
51115-63-0,"Benzoic acid, 2-hydroxy-, 2-methylbutyl ester", Floral,Herbal,Woody,208.2536
22717-57-3,"Benzoic acid, 2-hydroxy-5-methyl-, methyl ester", Fruity,Fresh,Minty,166.1739
89-71-4,"Benzoic acid, 2-methyl-, methyl ester", Floral,Neroli,Citrus,150.1745
119-53-9,Benzoin, Balsamic,Sweet,Vanilla,212.2439
100-47-0,Benzonitrile, Gourmand,Almond,Nutty,103.1213
119-61-9,Benzophenone, Floral,Sweet,Herbal,182.2179
95-16-9,Benzothiazole, Sulfurous,Coffee,Nutty,135.186
56423-40-6,Benzyl 2-methylbutyrate, Floral,Fruity,Gardenia,192.2542
140-11-4,Benzyl acetate, Fruity,Floral,Jasmin ,150.1745
2550-26-7,Benzyl acetone, Floral,Green,Jasmin,148.2017
100-51-6,Benzyl alcohol, Balsamic,Fruity ,Floral,108.1378
120-51-4,Benzyl benzoate, Balsamic,Fruity ,Floral,212.2439
103-37-7,Benzyl butyrate, Fruity,Apple,Pineapple,178.2277
103-41-3,Benzyl cinnamate, Spicy,Balsamic,Cinnamon,238.2812
104-57-4,Benzyl formate, Floral,Cherry,Almond,136.1479
6938-45-0,Benzyl hexanoate, Floral,Jasmin,Apricot,206.2808
122-73-6,Benzyl isoamyl ether, Balsamic,Anisic,Fruity,178.2707
103-28-6,Benzyl isobutyrate, Fruity,Apple,Pineapple,178.2277
103-38-8,Benzyl isovalerate, Floral,Fruity,Animal Like,192.2542
140-25-0,Benzyl laurate, Aldehydic,Waxy,Fatty,290.4403
100-53-8,Benzyl mercaptan, Sulfurous,Garlic,Vegetable,124.203
538-86-3,Benzyl methyl ether, Floral,Ylang,Green,122.1644
10276-85-4,Benzyl octanoate, Herbal,Fruity,Peach,234.3340
102-16-9,Benzyl phenylacetate, Honey,Sweet,Floral,226.2705
122-63-4,Benzyl propionate, Fruity,Floral,Jasmin,164.2011
118-58-1,Benzyl salicylate, Floral,Balsamic,Dry,228.2433
10361-39-4,Benzyl valerate, Fruity,Floral,Apple,192.2542
622-78-6,Benzylisothiocyanate, Spicy,Medicinal,Horseradish,149.213
35044-68-9,"beta-1-(2,6,6-Trimethyl-1-cyclohexen-1-yl)-2-buten-1-one", Floral,Rose,Plum,192.2973
87-44-5,beta-Caryophyllene, Spicy,Earthy,Carrot,204.3511
18794-84-8,beta-Farnesene, Floral,Woody,Jasmin,204.3511
88-84-6,beta-Guaiene, Woody,Sweet,Guaicwood,204.3511
22029-76-1,beta-Ionol, Herbal,Violet,Balsamic,194.3132
14901-07-6,beta-Ionone, Floral,Woody,Violet,192.2973
22030-19-9,beta-Ionyl acetate, Fruity,Raspberry,Violet,236.3499
1123-85-9,beta-Methylphenethyl alcohol, Floral,Green,Spicy,136.1910
93-18-5,beta-Naphthyl ethyl ether, Floral,Sweet,Neroli,172.2231
93-04-9,beta-Naphthyl methyl ether, Floral,Neroli,Powdery,158.1965
514-51-2,beta-Patchoulene, Woody,Patchouli,Terpenic,204.3511
555-10-2,beta-Phellandrene, Spicy,Peppery,Citrus,136.2340
127-91-3,beta-Pinene, Herbal,Pine,Lime,136.2340
60066-88-8,beta-Sinensal, Citrus,Mandarin,Aldehydic,218.3346
464-48-2,"Bicyclo(2.2.1)heptan-2-one, 1,7,7-trimethyl-, (1S)-", Camphoraceous, Herbal,Fresh,152.2334
1196-01-6,"Bicyclo[3.1.1]hept-3-en-2-one, 4,6,6-trimethyl-, (1S,5S)-", Herbal,Camphoraceous,Minty,150.2176
92-52-4,Biphenyl, Green,Rose,Geranium,154.2078
1618-26-4,bis-(Methylthio)methane, Sulfurous,Truffle,Garlic,108.226
495-62-5,Bisabolene, Spicy,Balsamic,Warm,204.3511
507-70-0,Borneol, Herbal,Camphoraceous,Pine,154.2493
76-49-3,Bornyl acetate, Woody,Pine,Fruity,196.2860
76-50-6,Bornyl isovalerate, Woody,Pine,Fruity,238.3657
68039-26-9,"Butanoic acid, 2-methyl-, pentyl ester", Fruity,Apple,Tropical-Fruit,172.2646
109-42-2,Butyl 10-undecenoate, Fruity,Buttery,Oily,240.3816
7785-66-2,Butyl 2-methylcrotonate (E), Floral,Fruity,Herbal,156.2221
6297-41-2,Butyl 2-methylvalerate, Herbal,Chamomile,Floral,172.2646
123-86-4,Butyl acetate, Fruity,Pear,Pineapple,116.1583
71-36-3,Butyl alcohol, Fruity,Banana,Pear,74.1216
7756-96-9,Butyl anthranilate, Floral,Neroli,Green,193.2423
136-60-7,Butyl benzoate, Floral,Balsamic,Fruity,178.2277
109-21-7,Butyl butyrate, Fruity,Raspberry,Blueberry,144.2114
7492-70-8,Butyl butyryllactate, Gourmand, Fruity,Milky,216.2741
538-65-8,Butyl cinnamate, Balsamic,Spicy,Fruity,204.2649
592-84-7,Butyl formate, Fruity,Plum,Fermented,102.1317
626-82-4,Butyl hexanoate, Fruity,Pear,Apple,172.2646
97-87-0,Butyl isobutyrate, Fruity,Apple,Pear,144.2114
109-19-3,Butyl isovalerate, Fruity,Apple,Pear,158.2380
138-22-7,Butyl lactate, Gourmand, Milky,Fatty,146.1843
2052-15-5,Butyl levulinate, Fruity,Waxy,Caramel ,172.2215
589-75-3,Butyl octanoate, Gourmand,Buttery,Herbal,200.3178
122-43-0,Butyl phenylacetate, Floral,Fruity,Pear,192.2542
590-01-2,Butyl propionate, Fruity,Sweet,Banana,130.1849
2052-14-4,Butyl salicylate, Floral,Neroli,Fruity,194.2271
544-40-1,Butyl sulfide, Fruity,Rose,Geranium,146.294
123-72-8,Butyraldehyde, Gourmand, Fruity,Chocolate,72.1057
107-92-6,Butyric acid, Acidic,Gourmand,Cheesy,88.1051
29350-73-0,Cadinene, Woody,Cedarwood,Smoky,208.3828
79-92-5,Camphene, Herbal,Camphoraceous,Woody,136.2340
499-75-2,Carvacrol, Herbal,Camphoraceous,Thyme,150.2176
99-48-9,Carveol, Minty,Spearmint,Peppermint,152.2334
97-45-0,Carvyl propionate, Herbal,Minty,Aromatic,208.2967
57082-24-3,Caryophyllene acetate, Woody,Fruity,Spicy,264.4030
1139-30-6,Caryophyllene oxide, Woody,Carrot,Dry,220.3505
11028-42-5,Cedrene, Woody,Cedarwood,Amber,204.3511
28231-03-0,Cedrenol, Woody,Cedarwood,Amber,220.3505
1405-92-1,Cedrenyl acetate, Woody,Soft,Cedarwood,262.3871
77-53-2,Cedrol, Woody,Soft,Cedarwood,222.3663
77-54-3,Cedryl acetate, Woody,Soft,Sweet,264.4030
104-55-2,Cinnamaldehyde, Spicy,Cinnamon,Warm,132.1592
621-82-9,Cinnamic acid, Balsamic,Sweet,Cinnamon,148.1586
4364-06-1,Cinnamic aldehyde dimethyl acetal, Green,Spicy,Herbal,178.2277
4360-47-8,Cinnamonitrile (isomer unspecified), Spicy,Cinnamon,Floral,129.1586
103-54-8,Cinnamyl acetate, Spicy,Floral,Fruity,176.2118
104-54-1,Cinnamyl alcohol, Spicy,Balsamic,Cinnamon,134.1751
5320-75-2,Cinnamyl benzoate, Balsamic,Spicy,Cinnamon,238.2812
103-61-7,Cinnamyl butyrate, Fruity,Balsamic,Floral,204.2649
122-69-0,Cinnamyl cinnamate, Spicy,Cinnamon,Fruity,264.3184
104-65-4,Cinnamyl formate, Balsamic,Spicy,Fruity,162.1852
103-59-3,Cinnamyl isobutyrate, Fruity,Spicy,Balsamic,204.2649
140-27-2,Cinnamyl isovalerate, Fruity,Spicy,Ethereal,218.2915
1885-38-7,Cinnamyl nitrile, Spicy,Cinnamon,Metallic,129.1586
59323-76-1,"cis-2-Methyl-4-propyl-1,3-oxathiane", Fruity,Citrus,Green,160.277
7214-18-8,cis-2-tert-Butylcyclohexan-1-ol, Woody,Camphoraceous,Minty,156.2652
933-48-2,"cis-3,5,5-Trimethylcyclohexan-1-ol", Green,Earthy,Minty,142.2386
1576-78-9,cis-3-Heptenyl acetate, Fruity,Green,Tropical-Fruit,156.2221
3681-71-8,cis-3-Hexen-1-yl acetate, Green,Fruity,Pear,142.1956
6789-80-6,cis-3-Hexenal, Green,Grassy,Fruity,98.1430
928-96-1,cis-3-Hexenol, Green,Grassy,Fresh,100.1589
65405-76-7,cis-3-Hexenyl anthranilate, Fruity,Green,Grape,219.2796
25152-85-6,cis-3-Hexenyl benzoate, Floral,Green,Balsamic,204.2649
16491-36-4,cis-3-Hexenyl butyrate, Green,Apple,Pear,170.2487
68133-75-5,cis-3-Hexenyl cinnamate, Green,Balsamic,Floral,230.3022
61444-38-0,cis-3-Hexenyl cis-3-hexenoate, Fruity,Green,Pear,196.2860
33467-73-1,Cis-3-Hexenyl Formate, Green,Fresh,Apple,128.1690
31501-11-8,cis-3-Hexenyl hexanoate, Fruity,Green,Fresh,198.3019
41519-23-7,cis-3-Hexenyl isobutyrate, Green,Apple,Pear,170.2487
35154-45-1,cis-3-Hexenyl isovalerate, Green,Pear,Pear,184.2753
61931-81-5,cis-3-Hexenyl lactate, Green,Fruity,Tropical-Fruit,172.2215
33467-74-2,cis-3-Hexenyl propionate, Green,Apple,Pear,156.2221
65405-77-8,cis-3-Hexenyl salicylate, Floral,Green,Balsamic,220.2643
67883-79-8,cis-3-Hexenyl tiglate, Green,Vegetable,Earthy,182.2594
35852-46-1,cis-3-Hexenyl valerate, Green,Fruity,Apple,184.2753
10340-23-5,cis-3-Nonen-1-ol, Green,Cucumber,Oily,142.2386
13049-88-2,cis-3-Nonenyl acetate, Green,Herbal,Pine,184.2753
20125-84-2,cis-3-Octen-1-ol, Fruity,Fresh,Melon,128.2120
13828-37-0,cis-4-(Isopropyl)cyclohexanemethanol, Floral,Muguet,Fresh,156.2652
21662-09-9,cis-4-Decen-1-al, Aldehydic,Citrus,Muguet,154.2493
10411-92-4,cis-4-tert-Butylcyclohexyl acetate, Floral,Woody,Violet,198.3019
64275-73-6,cis-5-Octen-1-ol, Green,Melon,Mushroom,128.2120
35854-86-5,cis-6-Nonen-1-ol, Fruity,Melon,Green,142.2386
2277-19-2,cis-6-Nonenal, Green,Cucumber,Melon,140.2227
115-71-9,cis-alpha-Santalol, Woody,Sandalwood,Dry,220.3505
77-42-9,cis-beta Santalol, Woody,Sandalwood,Oily,220.3505
3338-55-4,cis-beta-Ocimene, Floral,Herbal,Sweet,136.2340
488-10-8,cis-Jasmone, Floral,Jasmin,Spicy,164.2441
5989-33-3,"cis-Linalool oxide 3,6-oxide", Earthy,Floral,Sweet,170.2487
5392-40-5,Citral, Citrus,Lemon,Verbena,152.2334
7549-37-3,Citral dimethyl acetal, Citrus,Fresh,Green,198.3019
150-84-5,Citronellyl acetate, Floral,Citrus,Fruity,198.3019
141-16-2,Citronellyl butyrate, Floral,Rose,Citrus,226.3550
68039-38-3,Citronellyl crotonate, Floral,Rose,Citrus,224.3392
105-85-1,Citronellyl formate, Fruity,Rose,Citrus,184.2753
10580-25-3,Citronellyl hexanoate, Floral,Green,Rose,254.4082
97-89-2,Citronellyl isobutyrate, Fruity,Floral,Citrus,226.3550
68922-10-1,Citronellyl isovalerate, Floral,Honey,Rose,240.3816
141-14-0,Citronellyl propionate, Floral,Rose,Fruity,212.3285
24717-85-9,Citronellyl tiglate, Floral,Fruity,Sweet-Pea,238.3657
7540-53-6,Citronellyl valerate, Floral,Rose,Herbal,240.3816
91-64-5,Coumarin, Powdery,Warm,Almond,146.1427
1319-77-3,Cresol (mixed isomers), Floral,Ylang,Phenolic,108.1378
122-03-2,Cuminaldehyde, Herbal,Spicy,Cumin,148.2017
13816-33-6,Cuminyl nitrile, Spicy,Cumin,Green,145.2010
2550-52-9,Cyclohexadecanone, Musk like ,Animal Like ,Powdery,238.4088
33880-83-0,"Cyclohexane, 1-​ethenyl-​1-​methyl-​2,​4-​bis(1-​methylethenyl)​-​, (1R,​2R,​4S)​-​rel-", Herbal,Waxy,Fresh,204.3511
99-82-1,"Cyclohexane, 1-​methyl-​4-​(1-​methylethyl)​-", Herbal,Woody,Pine,140.2658
5292-21-7,Cyclohexaneacetic acid, Acidic,Cheesy,Food like,142.1956
21722-83-8,Cyclohexaneethyl acetate, Floral,Rose,Fruity,170.2487
108-93-0,Cyclohexanol, Camphoraceous, Minty,Earthy,100.1589
2230-87-7,"Cyclohexanol, 5-methyl-2-(1-methylethyl)-, acetate, (1a,2a,5b)-", Minty,Fresh,Green,198.3019
59471-80-6,"Cyclohexanone, 2-​methyl-​5-​(1-​methylethyl)​-", Minty,Caraway,Spearmint,154.2493
5524-05-0,"Cyclohexanone, 2-methyl-5-(1-methylethenyl)-, (2R,5R)-", Minty,Herbal,Menthol,152.2334
622-45-7,Cyclohexyl acetate, Fruity,Floral,Green,142.1956
1551-44-6,Cyclohexyl butyrate, Fruity,Apple,Pineapple,170.2487
502-72-7,Cyclopentadecanone, Musk like ,Powdery,Animal Like,224.3822
72402-00-7,"Cyclopentanol, 1,2-dimethyl-3-(1-methylethenyl)-", Herbal,Camphoraceous,Citrus,154.2493
120-92-3,Cyclopentanone, Minty,Powdery,Dry,84.1164
69-79-4,"D-​Glucose, 4-​O-​α-​D-​glucopyranosyl-", Gourmand,Sweet,Fruity,342.2965
491-07-6,"d,l-Isomenthone", Herbal,Fresh,Minty,154.2493
7705-14-8 ,"(6876-12-6)d,l-Limonene (isomer unspecified)", Citrus,Fresh,Herbal,136.2340
1490-04-6,"d,l-Menthol (isomer unspecified)", Minty,Fresh,Cooling,156.2652
59-51-8,"D,L-Methionine", Sulfurous,Acidic,Dry,149.211
7785-70-8,d-.alpha.-Pinene, Herbal,Terpenic,Aromatic,136.2340
7785-53-7,d-.alpha.-Terpineol, Herbal,Floral,Pine,154.2493
1195-92-2,"d-8-p-Menthene-1,2-epoxide", Citrus,Minty,Fresh,152.2334
464-49-3,d-Camphor, Minty,Camphoraceous,Menthol,152.2334
2244-16-8,d-Carvone, Herbal,Fresh,Spicy,150.2176
825-51-4,Decahydro-beta-naphthol, Floral,Muguet,Clean,154.2493
112-31-2,Decanal, Aldehydic,Orange ,Green ,156.2652
7779-41-1,Decanal dimethyl acetal, Floral,Waxy,Citrus,202.3336
1975-78-6,Decanenitrile, Citrus,Tropical-Fruit,Green,153.2646
334-48-5,Decanoic acid, Acidic,Creamy,Buttery,172.2646
112-17-4,Decyl acetate, Fruity,Floral,Apple,200.3178
7289-52-3,Decyl methyl ether, Ozonic,Fresh,Clean,172.3077
5454-19-3,Decyl propionate, Fruity,Oily,Pear,214.3443
13466-78-9,delta-3-Carene, Herbal,Green,Pine,136.2340
705-86-2,delta-Decalactone, Gourmand,Creamy,Coconut,170.2487
713-95-1,delta-Dodecalactone, Fruity,Milky,Nutty,198.3019
823-22-3,delta-Hexalactone, Fruity,Coconut,Creamy,114.1424
698-76-0,delta-Octalactone, Fruity,Coconut,Minty,142.1956
2721-22-4,delta-Tetradecalactone, Fruity,Creamy,Coconut,226.3550
710-04-3,delta-Undecalactone, Fruity,Peach,Creamy,184.2753
4695-62-9,d-Fenchone, Herbal,Camphoraceous,Aromatic,152.2334
431-03-8,Diacetyl Food LikeButteryCreamy103-50-4Dibenzyl ether, Powdery,Sweet,Floral,86.0892
96-22-0,Diethyl ketone, Fruity,Apple,Light,86.1323
105-53-3,Diethyl malonate, Fruity,Green,Apple,160.1678
123-25-1,Diethyl succinate, Fruity,Apple,Pear,174.1944
19139-31-2,Dihexyl fumarate, Floral,Green,Magnolia,284.3911
13720-12-2,Dihydro-.gamma.-ionone, Woody,Amber,Earthy,194.3132
33673-62-0,Dihydro-4-methyl-5-pentylfuran-2(3H)-one, Floral,Lactonic,Tuberose,170.2487
31499-72-6,Dihydro-alpha-ionone, Floral,Orris,Woody,194.3132
498-81-7,Dihydro-alpha-terpineol, Floral,Citrus,Pine,156.2652
80-25-1,Dihydro-alpha-terpinyl acetate, Citrus,Floral,Fresh,198.3019
3293-47-8,Dihydro-beta-ionol, Woody,Floral,Amber,196.3291
17283-81-7,Dihydro-beta-ionone, Floral,Orris,Cedarwood,194.3132
619-01-2,Dihydrocarveol (isomer unspecified), Aromatic,Spearmint,Herbal,154.2493
38049-26-2,"Dihydrocarveol (R,R,R)", Woody,Sweet,Balsamic,154.2493
20777-49-5,Dihydrocarvyl acetate, Floral,Rose,Cumin,196.2860
119-84-6,Dihydrocoumarin, Tobacco like ,Coumarin,Coconut,148.1586
2436-90-0,Dihydromyrcene, Herbal,Citrus,Lime,138.2499
18479-58-8,Dihydromyrcenol, Citrus,Fresh,Floral,156.2652
20489-53-6,Dihydronootkatone, Citrus,Fruity,Grapefruit,220.3505
473-55-2,Dihydropinene, Herbal,Pine,Green,138.2499
94-58-6,Dihydrosafrole, Spicy,Sweet,Floral,164.2011
624-92-0,Dimethyl disulfide, Sulfurous,Onion,Cabbage,94.199
106-65-0,Dimethyl succinate, Fruity,Sweet,Floral,146.1412
75-18-3,Dimethyl sulfide, Sulfurous,Vegetable,Food like,62.134
3658-80-8,Dimethyl trisulfide, Sulfurous,Onion,Savoury,126.264
101-84-8,Diphenyl ether, Floral,Sweet,Green,170.2072
101-81-5,Diphenylmethane, Green,Floral,Sweet,168.2344
629-19-6,Dipropyl disulfide, Sulfurous,Onion,Green,150.305
21368-68-3,dl-Camphor, Herbal,Camphoraceous,Rosemary,152.2334
106-22-9,dl-Citronellol, Floral,Rose,Citrus,156.2652
5989-27-5,d-Limonene, Citrus,Fresh,Herbal,136.2340
126-90-9,d-Linalool, Floral,Lavender,Petitgrain,154.2493
138-86-3,dl-Limonene (racemic), Citrus,Fresh,Herbal,136.2340
29066-34-0,dl-Menthyl acetate, Minty,Sweet,Fresh,198.3019
14620-52-1,Dodecanal dimethyl acetal, Green,Fresh,Waxy,230.3868
2437-25-4,Dodecanenitrile, Citrus,Orange,Mandarin,181.3177
6283-92-7,Dodecyl lactate, Gourmand,Buttery,Creamy,258.3969
6091-50-5,d-Piperitone, Minty,Cooling,Herbal,152.2334
89-82-7,d-Pulegone, Minty,Aromatic,Herbal,152.2334
639-99-6,Elemol, Woody,Resinous,Balsamic,222.3663
140-67-0,Estragole, Herbal,Anisic,Tarragon,148.2017
26553-46-8,Ethyl (E)hex-3-enoate, Fruity,Passionfruit,Pineapple,142.1956
687-47-8,Ethyl (L)-lactate, Gourmand,Creamy,Ethereal,118.1311
692-86-4,Ethyl 10-undecenoate, Fruity,Waxy,Oily,212.3285
97-41-6,"Ethyl 2,2,-dimethyl-3-(2-methylprop-1-enyl)cyclopropane-1-carboxylate", Herbal,Fruity,Floral,196.2860
6290-17-1,"Ethyl 2,4-dimethyldioxolane-2-acetate", Fruity,Strawberry,Apple,188.2209
35044-59-8,"Ethyl 2,6,6-trimethylcyclohexa-1,3-ene-1-carboxylate", Herbal,Floral,Apple,194.2701
2983-37-1,Ethyl 2-ethylhexanoate, Earthy,Orris,Herbal,172.2646
19788-49-9,Ethyl 2-mercaptopropionate, Sulfurous,green,Onion,134.197
7335-26-4,Ethyl 2-methoxybenzoate, Floral,Ylang,Fruity,180.2005
6413-10-1,"Ethyl 2-methyl-1,3-dioxolane-2-acetate", Fruity,Apple,Melon,174.1944
55514-48-2,Ethyl 2-methyl-2-butenoate, Green,Pear,Grape,128.1690
53399-81-8,Ethyl 2-methyl-4-pentenoate, Fruity,Banana,Tropical-Fruit,142.1956
7452-79-1,Ethyl 2-methylbutyrate, Fruity,Strawberry,Peach,130.1849
39255-32-8,Ethyl 2-methylpentanoate, Fruity,Sweet,Apple,144.2114
67707-75-9,"Ethyl 3,5,5-trimethylhexanoate", Fruity,Apple,Green,186.2912
2396-83-0,Ethyl 3-hexenoate, Gourmand,Pineapple,Green,142.1956
5405-41-4,Ethyl 3-hydroxybutyrate, Fruity,Green,Grape,132.1577
13327-56-5,Ethyl 3-methylthiopropionate, Fruity,Sulfurous,Pineapple,148.223
121-39-1,Ethyl 3-phenylglycidate, Fruity,Sweet,Strawberry,192.2112
2021-28-5,Ethyl 3-phenylpropionate, Floral,Hyacinth,Rose,178.2277
1968-40-7,Ethyl 4-pentenoate, Fruity,Green,Herbal,128.1690
141-78-6,Ethyl acetate, Fruity,Pear,Apple,88.1051
141-97-9,Ethyl acetoacetate, Fruity,Green,Apple,130.1418
87-25-2,Ethyl anthranilate, Floral,Grape,Neroli,165.1891
93-89-0,Ethyl benzoate, Floral,Medicinal,Fruity,150.1745
94-02-0,Ethyl benzoylacetate, Fruity,Sweet,Powdery,192.2112
105-54-4,Ethyl butyrate, Fruity,Sweet,Raspberry,116.1583
103-36-6,Ethyl cinnamate, Spicy,Cinnamon,Balsamic,176.2118
34495-71-1,Ethyl cis-4-octenoate, Fruity,Fresh,Juicy,170.2487
5452-75-5,Ethyl cyclohexylacetate, Floral,Fruity,Pear,170.2487
110-38-3,Ethyl decanoate, Fruity,Sweet,Brandy,200.3178
109-94-4,Ethyl formate, Fruity,Apple,Pineapple,74.0785
32659-21-5,Ethyl geranate, Woody,Rose,Green,196.2860
106-30-9,Ethyl heptanoate, Fruity,Sweet,Plum,158.2380
123-66-0,Ethyl hexanoate, Fruity,Pineapple,Banana,144.2114
118-60-5,Ethyl hexyl salicylate, Floral,Aromatic,Balsamic,250.3334
97-62-1,Ethyl isobutyrate, Fruity,Sweet,Apple,116.1583
108-64-5,Ethyl isovalerate, Fruity,Berry,Pineapple,130.1849
97-64-3,Ethyl lactate, Fruity,Caramel ,Coconut,118.1311
106-33-2,Ethyl laurate, Floral,Aldehydic,Sweet,228.3709
539-88-8,Ethyl levulinate, Fruity,Fresh,Green,144.1684
544-35-4,Ethyl linoleate, Fruity,Oily,Waxy,308.4986
4940-11-8,Ethyl maltol, Gourmand,Sweet,Caramel ,140.1366
77-83-8,Ethyl methylphenylglycidate, Fruity,Strawberry,Floral,206.2378
124-06-1,Ethyl myristate, Floral,Waxy,Violet,256.4241
123-29-5,Ethyl nonanoate, Fruity,Rose,Tropical-Fruit,186.2912
2351-90-8,Ethyl oct-2-enoate, Fruity,Green,Pineapple,170.2487
111-62-6,Ethyl oleate, Acidic,Fatty,Waxy,310.5145
628-97-7,Ethyl palmitate, Gourmand, Waxy ,Creamy ,284.4772
94-30-4,Ethyl p-anisate, Anisic,Licorice,Powdery,180.2005
1817-90-9,Ethyl phenethyl ether, Floral,Green,Fresh,150.2176
101-97-3,Ethyl phenylacetate, Fruity,Berry,Honey,164.2011
105-37-3,Ethyl propionate, Fruity,Apple,Pear,102.1317
617-35-6,Ethyl pyruvate, Fruity,Oily,Sweet,116.1152
118-61-6,Ethyl salicylate, Floral,Fruity,Sweet,166.1739
2396-84-1,Ethyl sorbate, Fruity,Pineapple,Green,140.1797
5837-78-5,Ethyl tiglate, Fruity,Sweet,Tropical-Fruit,128.1690
3025-30-7,"Ethyl trans-2,cis-4-decadienoate", Fruity,Pear,Melon,196.2860
623-70-1,Ethyl trans-2-butenoate, Fruity,Tropical-Fruit,Caramel ,114.1424
10544-63-5,Ethyl trans-2-butenoate, Fruity,Tropical-Fruit,Caramel ,114.1424
27829-72-7,Ethyl trans-2-hexenoate, Fruity,Juicy,Green,142.1956
76649-16-6,Ethyl trans-4-decenoate, Green,Pear,Oily,198.3019
539-82-2,Ethyl valerate, Fruity,Pineapple,Tropical-Fruit,130.1849
121-32-4,Ethyl vanillin, Gourmand,Vanilla,Caramel ,166.1739
105-95-3,Ethylene brassylate, Musk like ,Soft,Floral,270.3645
470-82-6,Eucalyptol, Herbal,Camphoraceous,Minty,154.2493
97-53-0,Eugenol, Spicy,Clove,Floral,164.2011
93-28-7,Eugenyl acetate, Floral,Spicy,Fruity,206.2378
93-15-2,Eugenyl methyl ether, Spicy,Clove,Tea,178.2277
4602-84-0,Farnesol, Floral,Warm,Powdery,222.3663
29548-30-9,Farnesyl acetate, Floral,Rose,Green,264.4030
1195-79-5,Fenchone, Aromatic,Woody,Minty,152.2334
1632-73-1,Fenchyl alcohol, Herbal,Woody,Pine,154.2493
58567-11-6,Formaldehyde cyclododecyl ethyl acetal, Woody,Amber,Dry,242.3975
64-18-6,Formic acid, Acidic,Sharp,Fruity,46.0254
98-01-1,Furfural Food LikeBreadCoffee623-17-6Furfuryl acetate, Fruity,Banana,Sweet,96.0841
98-02-2,Furfuryl mercaptan Food LikeCoffeeRoasted1438-91-1Furfuryl methyl sulfide, Sulfurous,Onion,Vegetable,114.166
13678-68-7,Furfuryl thioacetate Food Like,Sulfurous,Roasted,,156.202
706-14-9,gamma-Decalactone, Fruity,Sweet,Peach,170.2487
2305-05-7,gamma-Dodecalactone, Fruity,Oily,Peach,198.3019
105-21-5,gamma-Heptalactone, Fruity,Peach,Coconut,128.1690
695-06-7,gamma-Hexalactone, Fruity,Coconut,Herbal,114.1424
79-76-5,gamma-Ionone, Woody,Floral,Powdery,192.2973
104-61-0,gamma-Nonalactone, Fruity,Creamy,Coconut,156.2221
104-50-7,gamma-Octalactone, Fruity,Sweet,Balsamic,142.1956
104-67-6,gamma-Undecalactone, Fruity,Oily,Peach,184.2753
108-29-2,gamma-Valerolactone, Herbal,Sweet,Tobacco,100.1158
106-24-1,Geraniol, Floral,Rose,Geranium,154.2493
105-87-3,Geranyl acetate, Floral,Rose,Fruity,196.2860
94-48-4,Geranyl benzoate, Floral,Green,Ylang,258.3554
40267-72-9,Geranyl ethyl ether, Fruity,Green,Light,182.3025
105-86-2,Geranyl formate, Floral,Green,Rose,182.2594
10032-02-7,Geranyl hexanoate, Floral,Rose,Oily,252.3923
2345-26-8,Geranyl isobutyrate, Floral,Fruity,Fresh,208.3398
109-20-6,Geranyl isovalerate, Green,Melon,Herbal,238.3657
1113-21-9,Geranyl linalool, Floral,Rose,Soft,290.4834
2565-82-4,Geranyl methyl ether, Floral,Rose,Green,168.2759
10402-47-8,Geranyl pentanoate, Fruity,Floral,Rose,238.3657
102-22-7,Geranyl phenylacetate, Fruity,Honey,Sweet,272.3820
105-90-8,Geranyl propionate, Floral,Fruity,Tropical-Fruit,210.3126
7785-33-3,Geranyl tiglate, Floral,Geranium,Green,236.3499
90-05-1,Guaiacol, Spicy,Smoky,Animal Like,124.1372
613-70-7,Guaiacyl acetate, Spicy,Woody,Smoky,166.1739
134-28-1,Guaiyl acetate, Woody,Nutty,Smoky,264.4030
111-71-7,Heptanal, Aldehydic,Fresh,Green,114.1855
10032-05-0,Heptanal dimethyl acetal, Green,Fruity,Orange,160.2539
111-14-8,Heptanoic acid, Acidic,Fatty,Burnt,130.1849
112-06-1,Heptyl acetate, Fruity,Green,Citrus,158.2380
111-70-6,Heptyl alcohol, Aldehydic,Green,Fruity,116.2013
5870-93-9,Heptyl butyrate, Fruity,Apple,Pear,186.2912
1708-82-3,Hex-3-enyl acetate, Green,Floral,Fresh,142.1956
109-29-5,Hexadecanolide, Musk like ,Sweet,Powdery,254.4082
66-25-1,Hexanal, Aldehydic,Green,Fruity,100.1589
142-62-1,Hexanoic acid, Acidic,Cheesy,Oily,116.1583
816-19-3,"Hexanoic acid, 2-ethyl-, methyl ester", Fruity,Floral,Violet,158.2380
6728-26-3,Hexen-2-al, Green,Aldehydic,Floral,98.1430
5434-57-1,"Hexyl 2,2-dimethylpropanoate", Floral,Sweet,Green,186.2912
10032-15-2,Hexyl 2-methylbutyrate, Fruity,Green,Pear,186.2912
142-92-7,Hexyl acetate, Fruity,Green,Apple,144.2114
111-27-3,Hexyl alcohol, Fruity,Green,Apple,102.1748
6789-88-4,Hexyl benzoate, Woody,Fresh,Balsamic,206.2808
2639-63-6,Hexyl butyrate, Fruity,Green,Pineapple,172.2646
629-33-4,Hexyl formate, Fruity,Apple,Plum,130.1849
6378-65-0,Hexyl hexanoate, Fruity,Floral,Pear,200.3178
2349-07-7,Hexyl isobutyrate, Fruity,Sweet,Apple,172.2646
10032-13-0,Hexyl isovalerate, Fruity,Sweet,Green,186.2912
1117-55-1,Hexyl octanoate, Fruity,Green,Fresh,228.3709
5421-17-0,Hexyl phenylacetate, Floral,Sweet,Green,220.3074
2445-76-3,Hexyl propionate, Fruity,Green,Pear,158.2380
6259-76-3,Hexyl salicylate, Floral,Sweet,Herbal,222.2802
16930-96-4,Hexyl tiglate, Fruity,Fresh,Green,184.2753
107-75-5,Hydroxycitronellal, Floral,Muguet,Aldehydic,172.2646
141-92-4,Hydroxycitronellal dimethyl acetal, Floral,Fresh,Lily,218.3330
107-74-4,Hydroxycitronellol, Floral,Green,Rose,174.2805
3301-94-8,"Hydroxynonanoic acid, delta-lactone", Fruity,Coconut,Spicy,156.2221
120-72-9,Indole, Floral,Jasmin,Animal Like,117.1479
8013-90-9,Ionone (mixed isomers), Floral,Violet,Sweet,192.2973
123-51-3,Isoamyl alcohol, Fruity,Apple,Pear,88.1482
94-46-2,Isoamyl benzoate, Fruity,Balsamic,Apple,192.2542
106-27-4,Isoamyl butyrate, Fruity,Sweet,Banana,158.2380
7779-65-9,Isoamyl cinnamate, Spicy,Warm,Cinnamon,218.2915
110-45-2,Isoamyl formate, Fruity,Green,Apple,116.1583
2198-61-0,Isoamyl hexanoate, Fruity,Pineapple,Green,186.2912
659-70-1,Isoamyl isovalerate, Fruity,Banana,Apple,172.2646
2035-99-6,Isoamyl octanoate, Fruity,Pineapple,Chocolate,214.3443
102-19-2,Isoamyl phenylacetate, Fruity,Chocolate,Honey,206.2808
105-68-0,Isoamyl propionate, Fruity,Apricot,Pineapple,144.2114
87-20-7,Isoamyl salicylate, Floral,Balsamic,Green,208.2536
124-76-5,Isoborneol, Herbal,Fresh,Pine,154.2493
85586-67-0,Isobornyl 2-methylpropionate, Herbal,Camphoraceous,Fruity,224.3392
125-12-2,Isobornyl acetate, Herbal,Pine,Green,196.2860
1200-67-5,Isobornyl formate, Woody,Camphoraceous,Pine,182.2594
7779-73-9,Isobornyl isovalerate, Woody,Apple,dry,238.3657
2756-56-1,Isobornyl propionate, Herbal,Fresh,Pine,210.3126
589-66-2,Isobutyl 2-butenoate, Fruity,Melon,Tropical-Fruit,142.1956
110-19-0,Isobutyl acetate, Fruity,Banana,Pear,116.1583
78-83-1,Isobutyl alcohol, Fruity,Sharp,Light,74.1216
7779-81-9,Isobutyl angelate, Herbal,Green,Spicy,156.2221
7779-77-3,Isobutyl anthranilate, Fruity,Grape,Floral,193.2423
120-50-3,Isobutyl benzoate, Floral,Powdery,Gourmand,178.2277
539-90-2,Isobutyl butyrate, Fruity,Sweet,Peach,144.2114
122-67-8,Isobutyl cinnamate, Fruity,Sweet,Balsamic,204.2649
105-79-3,Isobutyl hexanoate, Fruity,Sweet,Pineapple,172.2646
97-85-8,Isobutyl isobutyrate, Fruity,Pineapple,Peach,144.2114
65505-24-0,Isobutyl N-methylanthranilate, Fruity,Grapefruit,Floral,207.2689
102-13-6,Isobutyl phenylacetate, Floral,Rose,Honey,192.2542
87-19-4,Isobutyl salicylate, Floral,Herbal,Spicy,194.2271
78-84-2,Isobutyraldehyde, Green,Floral,Aldehydic,72.1057
79-31-2,Isobutyric acid, Acidic,Pungent,Fruity,88.1051
1335-66-6,Isocyclocitral, Green,Fresh,Herbal,152.2334
97-54-1,Isoeugenol, Spicy,Clove,Floral,164.2011
93-29-8,Isoeugenyl acetate, Spicy,Floral,Clove,206.2378
120-11-6,Isoeugenyl benzyl ether, Spicy,Powdery,Floral,254.3236
93-16-3,Isoeugenyl methyl ether, Spicy,Clove,Floral,178.2277
37677-14-8,Isohexenyl cyclohexenyl carboxaldehyde, Aldehydic,Citrus,Orange,192.2973
14727-47-0,Isolongifolanone, Woody,Fresh,Dry,220.3505
1135-66-6,Isolongifolene, Woody,Amber,Incense,204.3511
23787-90-8,Isolongifolene ketone, Woody,Dry,Amber,220.3505
79-89-0,iso-Methyl-beta-ionone, Floral,Violet,Powdery,206.3239
41519-18-0,Isopentyl 2-methylcrotonate (E), Floral,Chamomile,Fruity,170.2487
505-32-8,Isophytol, Floral,Jasmin,Fresh,296.5310
66576-71-4,Isopropyl 2-methylbutyrate, Fruity,Pear,Pineapple,144.2114
108-21-4,Isopropyl acetate, Fruity,Sweet,Banana,102.1317
939-48-0,Isopropyl benzoate, Fruity,Sweet,Floral,164.2011
638-11-9,Isopropyl butyrate, Fruity,Sweet,Pineapple,130.1849
2311-46-8,Isopropyl hexanoate, Fruity,Pineapple,Berry,158.2380
32665-23-9,Isopropyl isovalerate, Fruity,Apple,Pineapple,144.2114
89-79-2,Isopulegol, Minty,Herbal,Sweet,154.2493
57576-09-7,Isopulegyl acetate, Minty,Peppermint,Sweet,196.2860
120-58-1,Isosafrole, Spicy,Sweet,Herbal,162.1852
503-74-2,Isovaleric acid, Acidic,Cheesy,Fruity,102.1317
7785-26-4,l-.alpha.-Pinene, Aromatic, Pine,Earthy,136.2340
18172-67-3,l-.beta.-Pinene, Herbal,Pine,Woody,136.2340
5655-61-8,laevo-Bornyl acetate, Woody,Herbal,Pine,196.2860
1205-42-1,laevo-Carvyl acetate, Minty,Fresh,Dry,194.2701
112-54-9,Lauric aldehyde, Citrus,Mandarin,Fresh,184.3184
112-66-3,Lauryl acetate, Floral,Citrus,Fresh,228.3709
112-53-8,Lauryl alcohol, Floral,Soft,Waxy,186.3342
464-45-9,l-Borneol, Herbal,Camphoraceous,Pine,154.2493
6485-40-1,L-Carvone, Minty,Green,Fresh,150.2176
7540-51-4,l-Citronellol, Floral,Rose,Fresh,156.2652
123-76-2,Levulinic acid, Gourmand,Caramel ,Fruity,116.1152
7787-20-4,l-Fenchone, Herbal,Earthy,Camphoraceous,152.2334
78-70-6,Linalool, Floral,Fresh,Lavender,154.2493
1365-19-1,Linalool oxide, Herbal,Earthy,Berry,170.2487
14049-11-7,Linalool oxide pyranoid, Floral,Sweet,Honey,170.2487
115-95-7,Linalyl acetate, Floral,Bergamot,Lavender,196.2860
7149-26-0,Linalyl anthranilate, Floral,Neroli,Ylang,273.3700
126-64-7,Linalyl benzoate, Floral,Tuberose,Lily,258.3554
78-36-4,Linalyl butyrate, Fruity,Bergamot,Banana,224.3392
78-37-5,Linalyl cinnamate, Floral,Hyacinth,Muguet,284.3927
115-99-1,Linalyl formate, Citrus,Bergamot,Green,182.2594
7779-23-9,Linalyl hexanoate, Fruity,Fermented,Warm,252.3923
78-35-3,Linalyl isobutyrate, Herbal,Fruity,Fresh,224.3392
1118-27-0,Linalyl isovalerate, Citrus,Bergamot,Lavender,238.3657
144-39-8,Linalyl propionate, Citrus,Floral,Fresh,210.3126
5989-54-8,l-Limonene, Citrus,Orange,Herbal,136.2340
6915-15-7,l-Malic acid, Gourmand,Caramel ,Acidic,134.0874
2216-51-5,l-Menthol, Minty,Fresh,Cooling,156.2652
475-20-7,Longifolene, Woody,Fresh,Pine,204.3511
118-71-8,Maltol, Gourmand,Sweet,Caramel ,126.1100
108-39-4,m-Cresol, Smoky,Woody,Leathery,108.1378
151-10-0,m-Dimethoxybenzene, Gourmand, Spicy,Nutty,138.1638
89-78-1,Menthol, Minty,Fresh,Cooling,156.2652
15356-70-4,Menthol racemic, Minty,Fresh,Cooling,156.2652
10458-14-7,Menthone, Minty,Fresh,Herbal,154.2493
89-48-5,"Menthyl acetate (1alpha,2beta,5alpha)", Herbal,Minty,Fresh,198.3019
16409-45-3,Menthyl acetate (isomer unspecified), Herbal,Tea,Cooling,198.3019
3613-30-7,Methoxycitronellal, Floral,Sweet,Fresh,186.2912
2986-54-1,Methoxycyclododecane, Woody,Cedarwood,Patchouli,198.3449
41270-80-8,Methyl 2-(formylamino)benzoate, Floral,Neroli,Jasmin,179.1727
611-13-2,Methyl 2-furoate, Gourmand, Nutty,Fruity,126.1100
2396-77-2,Methyl 2-hexenoate, Fruity,Green,Pineapple,128.1690
868-57-5,Methyl 2-methylbutyrate, Fruity,Green,Apple,116.1583
111-79-5,Methyl 2-nonenoate, Green,Sweet,Fruity,170.2487
111-80-8,Methyl 2-nonynoate, Floral,Violet,Cucumber,168.2328
111-12-6,Methyl 2-octynoate, Green,Violet,Cucumber,154.2063
1072-83-9,Methyl 2-pyrrolyl ketone, Fruity,Coconut,Oily,109.1259
2270-60-2,"Methyl 3,7-dimethyl-6-octenoate", Floral,Rose,Geranium,184.2753
2396-78-3,Methyl 3-hexenoate, Earthy,Sweet,Fruity,128.1690
21188-58-9,Methyl 3-hydroxyhexanoate, Fruity,Sweet,Pineapple,146.1843
13532-18-8,Methyl 3-methylthiopropionate, Fruity,Pineapple,Grapefruit,134.197
39924-52-2,Methyl 3-oxo-2-(pent-2-enyl)cyclopentaneacetate, Floral,Jasmin,Soft,224.2961
79-20-9,Methyl acetate, Fruity,Sweet,Honey,74.0785
105-45-3,Methyl acetoacetate, Fruity,Citrus,Green,116.1152
121-98-2,Methyl anisate, Spicy,Balsamic,Anisic,166.1739
134-20-3,Methyl anthranilate, Floral,Neroli,Fruity,151.1626
4707-47-5,Methyl atrarate, Woody,Mossy,Earthy,196.1999
93-58-3,Methyl benzoate, Floral,Ylang,Jasmin,136.1479
93-08-3,Methyl beta-naphthyl ketone, Floral,Neroli,Honey,170.2072
623-42-7,Methyl butyrate, Fruity,Apple,Banana,102.1317
103-26-4,Methyl cinnamate, Spicy,Balsamic,Cinnamon,162.1852
13894-62-7,Methyl cis-3-hexenoate, Fruity,Floral,Oily,128.1690
14352-61-5,Methyl cyclohexylacetate, Fruity,Sweet,Mango,156.2221
110-42-9,Methyl decanoate, Fruity,Oily,Floral,186.2912
24851-98-7,Methyl dihydrojasmonate, Floral,Fresh,Jasmin,226.3120
106-73-0,Methyl heptanoate, Fruity,Sweet,Berry,144.2114
112-39-0,Methyl hexadecanoate, Balsamic,Waxy,Floral,270.4507
106-70-7,Methyl hexanoate, Fruity,Pineapple,Apricot,130.1849
547-63-7,Methyl isobutyrate, Fruity,Ethereal,Pineapple,102.1317
556-24-1,Methyl isovalerate, Fruity,Apple,Pineapple,116.1583
1211-29-6,Methyl jasmonate, Floral,Fresh,Magnolia,224.2961
111-82-0,Methyl laurate, Aldehydic,Waxy,Coconut,214.3443
67633-95-8,Methyl lavender ketone, Herbal,Lavender,Green,172.2646
301-00-8,Methyl linoleate (48%) methyl linolenate (52%) mixture, Floral,Fruity,Sweet,292.4562
74-93-1,Methyl mercaptan Food LikeVegetableCabbage124-10-7Methyl myristate, Floral,Oily,Violet,48.107
93-60-7,Methyl nicotinate, Spicy,Herbal,Tobacco,137.1360
85-91-6,Methyl N-methylanthranilate, Floral,Warm,Neroli,165.1891
111-11-5,Methyl octanoate, Fruity,Orange,Waxy,158.2380
606-45-1,Methyl o-methoxybenzoate, Floral,Herbal,Hyacinth,166.1739
3558-60-9,Methyl phenethyl ether, Floral,Rose,Jasmin,136.1910
101-41-7,Methyl phenylacetate, Honey,Sweet,Floral,150.1745
99-75-2,Methyl p-methylbenzoate, Floral,Sweet,Anisic,150.1745
554-12-1,Methyl propionate, Fruity,Fermented,Fresh,88.1051
119-36-8,Methyl salicylate, Herbal ,Medicinal,Ylang,152.1473
2432-51-1,Methyl thiobutyrate, Fruity,Tropical-Fruit,Green,118.197
2396-85-2,Methyl trans-2-octenoate, Green,Fruity,Pear,156.2221
111-81-9,Methyl undec-10-enoate, Citrus,Oily,Waxy,198.3019
624-24-8,Methyl valerate, Fruity,Green,Apple,116.1583
5533-03-9,Methyl vanillyl ether, Gourmand,Sweet,Medicinal,168.1898
127-42-4,Methyl-alpha-ionone, Woody,Floral,Violet,206.3239
127-43-5,Methyl-beta-ionone, Floral,Violet,Fruity,206.3239
80-71-7,Methylcyclopentenolone, Gourmand,Sweet,Caramel ,112.1265
13341-72-5,Mintlactone, Gourmand,Vanilla,Sweet,166.2170
81-14-1,Musk ketone, Musk like ,Sweet,Powdery,294.3031
123-35-3,Myrcene, Citrus,Herbal,Dry,136.2340
543-39-5,Myrcenol, Citrus,Fresh,Floral,154.2493
1118-39-4,Myrcenyl acetate, Citrus,Fresh,Lavender,196.2860
124-25-4,Myristaldehyde, Aldehydic,Waxy,Balsamic,212.3715
629-63-0,Myristo nitrile, Aldehydic,Floral,Green,209.3709
515-00-4,Myrtenol, Herbal,Pine,Minty,152.2334
1079-01-2,Myrtenyl acetate, Herbal,Floral,Violet,194.2701
996-97-4,"N,N-Diethyloctamide", Spicy,Fresh,Tobacco,199.3330
3738-00-9,"Naphtho[2,1-b]furan, dodecahydro-3a,6,6,9a-tetramethyl-", Amber,Woody,Dry,236.3929
6790-58-5,"Naphtho[2,1-b]furan, dodecahydro-3a,6,6,9a-tetramethyl-, (3aR,5aS,9aS,9bR)-", Amber,Woody,Herbal,236.3929
106-26-3,Neral, Citrus,Fresh,Lemon,152.2334
106-25-2,Nerol, Floral,Rose,Citrus,154.2493
1786-08-9,Nerol oxide, Green,Floral,Neroli,152.2334
142-50-7,Nerolidol (cis), Floral,Rose,Woody,222.3663
7212-44-4,Nerolidol (isomer unspecified), Floral,Rose,Woody,222.3663
2306-78-7,Nerolidyl acetate (isomer unspecified), Floral,Sweet,Citrus,264.4030
141-12-8,Neryl acetate, Floral,Citrus,Rose,196.2860
999-40-6,Neryl butyrate, Floral,Rose,Fruity,224.3392
2142-94-1,Neryl formate, Fruity,Green,Floral,182.2594
2345-24-6,Neryl isobutyrate, Fruity,Sweet,Berry,224.3392
3915-83-1,Neryl isovalerate, Floral,Rose,Herbal,238.3657
105-91-9,Neryl propionate, Fruity,Sweet,Floral,210.3126
1438-94-4,N-Furfurylpyrrole, Green,Plastic,Waxy,147.1739
19089-92-0,n-Hexyl 2-butenoate, Fruity,Caramel ,Green,170.2487
18836-52-7,N-Isobutyldeca-trans-2-trans-4-dienamide, Spicy,Herbal,Green,223.3544
557-48-2,Nona-2-trans-6-cis-dienal, Green,Cucumber,Fatty,138.2069
124-19-6,Nonanal, Aldehydic,Sweet,Orange,142.2386
18824-63-0,Nonanal dimethyl acetal, Fruity,Pear,Green,188.3071
54815-13-3,"Nonane, 1,1-diethoxy-", Aldehydic,Floral,Rose,216.3602
112-05-0,Nonanoic acid, Floral,Neroli,Green,158.2380
29127-83-1,Nonen acid nitrile, Green,Orris,Fatty,137.2221
143-13-5,Nonyl acetate, Citrus,Aldehydic,Orange,186.2912
4674-50-4,Nootkatone, Citrus,Grapefruit,Woody,218.3346
128-50-7,Nopol, Herbal,Pine,Camphoraceous,166.2600
128-51-8,Nopyl acetate, Woody,Floral,Fruity,208.2967
5986-38-9,Ocimenol, Fruity,Citrus,Sweet,154.2493
95-48-7,o-Cresol, Animal like ,Musty,Medicinal,108.1378
124-13-0,Octanal, Aldehydic,Orange,Green,128.2120
54889-48-4,Octanal diethyl acetal, Green,Citrus,Oily,202.3336
10022-28-3,Octanal dimethyl acetal, Green,Floral,Citrus,174.2805
124-12-9,Octanenitrile, Green,Aldehydic,Oily,125.2114
112-14-1,Octyl acetate, Fruity,Green,Herbal,172.2646
110-39-4,Octyl butyrate, Fruity,Green,Waxy,200.3178
112-32-3,Octyl formate, Fruity,Rose,Orange,158.2380
109-15-9,Octyl isobutyrate, Fruity,Earthy,Fatty,200.3178
7786-58-5,Octyl isovalerate, Floral,Rose,Honey,214.3443
106-02-5,omega-Pentadecalactone, Musk like ,Powdery,Balsamic,240.3816
135-02-4,o-Methoxybenzaldehyde, Fruity,Sweet,Almond,136.1479
1504-74-1,o-Methoxycinnamaldehyde, Spicy,Cinnamon,Woody,162.1852
86-26-0,o-Phenyl anisole, Floral,Fruity,Rose,184.2338
644-35-9,o-Propylphenol, Smoky,Medicinal,Burnt,136.1910
137-06-4,o-Toluenethiol, Sulfurous,Onion,Savoury,124.203
533-18-6,o-Tolyl acetate, Floral,Sweet,Fruity,150.1745
19819-98-8,o-Tolylethanol, Floral,Rose,Cyclamen,136.1910
1195-32-0,"p,alpha-Dimethylstyrene", Smoky,Spicy,Clove,132.2023
1197-01-9,"p-alpha,alpha-Trimethylbenzyl alcohol", Fruity,Cherry,Sweet,150.2176
104-21-2,p-Anisyl acetate, Floral,Anisic,Fruity,180.2005
123-63-7,Paraldehyde, Fruity,Sweet,Aromatic,132.1577
5986-55-0,Patchouli alcohol, Woody,Patchouli,Earthy,222.3663
106-44-5,p-Cresol, Floral,Jasmin,Ylang,108.1378
614-34-6,p-Cresyl benzoate, Smoky,Woody,Ylang,212.2439
607-88-5,p-Cresyl salicylate, Balsamic,Floral,Green,228.2433
99-87-6,p-Cymene, Citrus,Lemon,Green,134.2182
150-78-7,p-Dimethoxybenzene, Powdery,Anisic,Balsamic,138.1638
55590-83-5,"Pentanoic acid, 2-​methylbutyl ester", Fruity,Valerian,Floral,172.2646
25415-62-7,Pentyl isovalerate, Fruity,Apple,Pear,172.2646
624-54-4,Pentyl propionate, Fruity,Sweet,Pineapple,144.2114
123-07-9,p-Ethylphenol, Smoky,Leathery,Warm,122.1644
103-45-7,Phenethyl acetate, Floral,Rose,Honey,164.2011
60-12-8,Phenethyl alcohol, Floral,Rose,Honey,122.1644
94-47-3,Phenethyl benzoate, Floral,Rose,Balsamic,226.2705
103-52-6,Phenethyl butyrate, Fruity,Floral,Sweet,192.2542
103-53-7,Phenethyl cinnamate, Floral,Spicy,Balsamic,252.3077
104-62-1,Phenethyl formate, Floral,Rose,Hyacinth,150.1745
6290-37-5,Phenethyl hexanoate, Fruity,Sweet,Honey,220.3074
103-48-0,Phenethyl isobutyrate, Fruity,Honey,Floral,192.2542
2257-09-2,Phenethyl isothiocyanate, Green,Fruity,Oily,163.239
140-26-1,Phenethyl isovalerate, Fruity,Berry,Sweet,206.2808
5457-70-5,Phenethyl octanoate, Floral,Green,Fruity,248.3606
102-20-5,Phenethyl phenylacetate, Floral,Rose,Balsamic,240.2970
122-70-3,Phenethyl propionate, Green,Hyacinth,Nasturtium,178.2277
87-22-9,Phenethyl salicylate, Floral,Powdery,Rose,242.2699
55719-85-2,Phenethyl tiglate, Floral,Aromatic,Rose,204.2649
108-95-2,Phenol, Animal like ,Phenolic,Dry,94.1112
118-55-8,Phenyl salicylate, Balsamic,Floral,Ylang,214.2167
122-78-1,Phenylacetaldehyde, Floral,Hyacinth,Green,120.1485
6314-97-2,Phenylacetaldehyde diethyl acetal, Green,Floral,Fresh,194.2701
101-48-4,Phenylacetaldehyde dimethyl acetal, Floral,Green,Hyacinth,166.2170
103-82-2,Phenylacetic acid, Honey,Floral,Sweet,136.1479
24817-51-4,Phenylethyl 2-methylbutyrate, Floral,Green,Rose,206.2808
133-18-6,Phenylethyl anthranilate, Floral,Sweet,Rose,241.2851
56011-02-0,Phenylethyl isoamyl ether, Green,Fruity,Fresh,192.2973
1335-10-0,Phenylpropionaldehyde, Green,Aldehydic,Floral,134.1751
150-86-7,Phytol, Floral,Waxy,Powdery,296.5310
110-89-4,Piperidine, Floral,Sweet,Animal Like,85.1475
94-62-2,Piperine, Balsamic,Animal Like ,Peppery,285.3377
89-81-6,Piperitone, Herbal,Minty,Camphoraceous,152.2334
120-57-0,Piperonal, Anisic,Floral,Powdery,150.1314
326-61-4,Piperonyl acetate, Fruity,Raspberry,Floral,194.1840
59230-57-8,p-Isopropylbenzyl acetate, Herbal,Bergamot,Fresh,192.2542
536-60-7,p-Isopropylbenzyl alcohol, Spicy,Sweet,Aromatic,150.2176
10482-56-1,p-Menth-1-en-8-ol (S), Herbal,Floral,Pine,154.2493
138-87-4,p-Menth-8-en-1-ol, Woody,Pine,Herbal,154.2493
7764-50-3,p-Menth-8-en-2-one, Minty,Warm,Herbal,152.2334
99-86-5,"p-Mentha-1,3-diene", Citrus,Lemon,Herbal,136.2340
99-85-4,"p-Mentha-1,4-diene", Herbal,Citrus,Spicy,136.2340
2111-75-3,"p-Mentha-1,8-dien-7-al", Green,Fresh,Herbal,150.2176
536-59-4,"p-Mentha-1,8-dien-7-ol", Floral,Spicy,Woody,152.2334
15111-96-3,"p-Mentha-1,8-dien-7-yl acetate", Fruity,Woody,Raspberry,194.2701
499-70-7,p-Menthan-2-one, Minty,Spearmint,Cooling,154.2493
123-11-5,p-Methoxybenzaldehyde, Powdery,Almond,Anisic,136.1479
874-90-8,p-Methoxybenzonitrile, Floral,Sweet,Coumarin,133.1473
1963-36-6,p-Methoxycinnamaldehyde, Spicy,Cinnamon,Sweet,162.1852
104-93-8,p-Methylanisole, Floral,Fresh,Ylang,122.1644
91-61-2,p-Methyltetrahydroquinoline, Animal like ,Amber,indolic,147.2169
104-45-0,p-Propylanisole, Herbal,Anisic,Fruity,150.2176
107-03-9,Propanethiol, Green,Sulfurous,Cabbage,76.161
94-86-0,Propenylguaethol, Gourmand,Vanilla,Sweet,178.2277
123-38-6,Propionaldehyde, Fruity,Earthy,Nutty,58.0791
79-09-4,Propionic acid, Acidic,Pungent,Cheesy,74.0785
37064-20-3,Propyl 2-methylbutyrate, Fruity,Fermented,Sweet,144.2114
109-60-4,Propyl acetate, Fruity,Raspberry,Pear,102.1317
71-23-8,Propyl alcohol, Fruity,Musty,Fermented,60.0950
105-66-8,Propyl butyrate, Fruity,Sweet,Tropical-Fruit,130.1849
626-77-7,Propyl hexanoate, Fruity,Pineapple,Green,158.2380
557-00-6,Propyl isovalerate, Fruity,Apple,Sweet,144.2114
4606-15-9,Propyl phenylacetate, Floral,Sweet,Honey,178.2277
106-36-5,Propyl propionate, Fruity,Sweet,Pineapple,116.1583
80-54-6,p-t-Butyl-alpha-methylhydrocinnamic aldehyde, Floral,Muguet,Aldehydic,204.3080
943-27-1,p-tert-Butylacetophenone, Floral,Musk Like ,Warm ,176.2548
98-53-3,p-tert-Butylcyclohexanone, Woody,Camphoraceous,Minty,154.2493
18127-01-0,p-tert-Butyldihydrocinnamaldehyde, Floral,Muguet,Aldehydic,190.2814
104-87-0,p-Tolualdehyde, Spicy,Fruity,Almond,120.1485
55066-56-3,p-Tolyl 3-methylbutyrate, Tobacco like ,Spicy,Herbal,192.2542
140-39-6,p-Tolyl acetate, Floral,Ylang,Phenolic,150.1745
589-18-4,p-Tolyl alcohol, Spicy,Cinnamon,Floral,122.1644
103-93-5,p-Tolyl isobutyrate, Floral,Lily,Fruity,178.2277
59558-23-5,p-Tolyl octanoate, Floral,Animal Like ,Jasmin,234.3340
101-94-0,p-Tolyl phenylacetate, Floral,Narcissus,Hyacinth,226.2705
89-82-7,Pulegone, Minty,Sweet,Spearmint,152.2334
2882-20-4,"Pyrazine, 2-methyl-3-(methylthio)- Food LikeNuttyAlmond67952-65-2Pyrazine, methyl (methylthio)- Food LikeNutty",Earthy,,90145-47-4,140.206
127-17-3,Pyruvic acid, Acidic,Sharp,Ethereal,88.0621
108-46-3,Resorcinol, Balsamic,Hawthorn,Floral,110.1106
6812-78-8,Rhodinol, Floral,Rose,Geranium,156.2652
141-11-7,Rhodinyl acetate, Floral,Rose,Citrus,198.3019
3387-41-5,Sabinene, Balsamic,Woody,Pine,136.2340
90-02-8,Salicylaldehyde, Spicy,Medicinal ,Cinnamon,122.1213
11031-45-1,Santalol, Woody,Sandalwood,Creamy,220.3505
515-03-7,Sclareol, Balsamic,Amber,Sage,308.4986
564-20-5,Sclareolide, Woody,Dry,Amber,250.3764
2679-87-0,sec-Butyl ethyl ether, Fruity,Berry,Oily,102.1748
100-42-5,Styrene, Floral,Balsamic,Powdery,104.1491
10521-96-7,Styryl acetate, Fruity,Sweet,Pear,162.1852
15356-74-8,Tealactone, Fruity,Apricot,Plum,180.2435
58985-02-7,"Terpineol, dihydro-", Herbal,Pine,Citrus,156.2652
8006-39-1,Terpinol, Herbal,Floral,Pine,154.2493
586-62-9,Terpinolene, Citrus,Pine,Herbal,136.2340
8007-35-0,Terpinyl acetate (Isomer mixture), Herbal,Lavender,Floral,196.2860
2153-28-8,Terpinyl butyrate, Balsamic,Fruity,Floral,224.3392
2153-26-6,Terpinyl formate, Floral,Lavender,Fruity,182.2594
7774-65-4,Terpinyl isobutyrate, Balsamic,Fruity,Floral,224.3392
80-27-3,Terpinyl propionate, Herbal,Pine,Fruity,210.3126
16409-43-1,Tetrahydro-4-methyl-2-(2-methylpropen-1-yl)pyran, Floral,Rose,Geranium,154.2493
5988-91-0,Tetrahydrogeranial, Citrus,Lemon,Aldehydic,156.2652
78-69-3,Tetrahydrolinalool, Herbal,Floral,Lavender,158.2811
20780-48-7,Tetrahydrolinalyl acetate, Citrus,Herbal,Fresh,200.3178
18479-57-7,Tetrahydromyrcenol, Citrus,Lemon,Lime,158.2811
36431-72-8,Theaspirane, Herbal,Tea,Tobacco,194.3132
89-83-8,Thymol, Herbal,Green,Smoky,150.2176
1334-78-7,"Tolualdehydes (mixed o,m,p)", Spicy,Fruity,Almond,120.1485
3913-81-3,trans-2-Decenal, Aldehydic,Earthy,Coriander,154.2493
13419-69-7,trans-2-Hexenoic acid, Green,Fruity,Sweet,114.1424
2497-18-9,trans-2-Hexenyl acetate, Green,Sweet,Fruity,142.1956
53398-83-7,trans-2-Hexenyl butyrate, Green,Apple,Banana,170.2487
53398-86-0,trans-2-Hexenyl hexanoate, Green,Fruity,Apple,198.3019
68698-59-9,trans-2-Hexenyl isovalerate, Green,Fruity,Apple,184.2753
56922-74-8,trans-2-Hexenyl pentanoate, Green,Fruity,Apple,184.2753
53398-80-4,trans-2-Hexenyl propionate, Green,Fruity,Apple,156.2221
59324-17-3,"trans-2-Methyl-4-propyl-1,3-oxathiane", Fruity,Passionfruit,Green,160.277
31502-14-4,trans-2-Nonen-1-ol, Green,Violet,Melon,142.2386
18829-56-6,trans-2-Nonenal, Green,Cucumber,Oily,140.2227
2548-87-0,trans-2-Octenal, Green,Cucumber,Herbal,126.1962
5448-22-6,trans-2-tert-Butylcyclohexan-1-ol, Herbal,Fruity,Minty,156.2652
7069-41-2,trans-2-Tridecenal, Aldehydic,Mandarin,Green,196.3291
53448-07-0,trans-2-Undecenal, Fruity,Citrus,Waxy,168.2759
69112-21-6,trans-3-Hexenal, Green,Apple,Pear,98.1430
3681-82-1,trans-3-Hexenyl acetate, Fruity,Green,Banana,142.1956
65405-70-1,trans-4-Decen-1-al, Aldehydic,Citrus,Muguet,154.2493
1900-69-2,trans-4-tert-Butylcyclohexyl acetate, Fruity,Apple,Balsamic,198.3019
4180-23-8,trans-Anethole, Herbal,Anisic,Spicy,148.2017
140-10-3,trans-Cinnamic acid, Balsamic,Sweet,Cinnamon,148.1586
928-97-2,trans-Hex-3-en-1-ol, Green,Leafy,Floral,100.1589
5932-68-3,trans-Isoeugenol, Spicy,Clove,Floral,164.2011
1189-09-9,trans-Methylgeranate, Floral,Fruity,Balsamic,182.2594
40716-66-3,trans-Nerolidol, Floral,Rose,Woody,222.3663
89-80-5,trans-p-Menthan-3-one, Herbal,Minty,Sweet,154.2493
13380-94-4,"Tricyclo[5.2.1.02,6]decan-8-one", Balsamic,Woody,Oily,150.2176
5413-60-5,Tricyclodecenyl acetate, Herbal,Green,Fruity,192.2542
7370-92-5,"Trideca-1,5-lactone", Gourmand,Creamy,Sweet,212.3285
10486-19-8,Tridecanal, Aldehydic,Citrus,Green,198.3449
20662-84-4,Trimethyloxazole Food LikeNuttySavoury828-26-2Trithioacetone, Fruity,Blackcurrant,Sulfurous,111.1418
112-44-7,Undecanal, Aldehydic,Citrus,Fresh,170.2918
2244-07-7,Undecanenitrile, Green,Floral,Oily,167.2911
112-37-8,Undecanoic acid, Gourmand, Fatty,Creamy,186.2912
112-43-6,Undecen-1-ol, Floral,Fresh,Ozonic,170.2918
112-42-5,Undecyl alcohol, Floral,Citrus,Oily,172.3077
110-62-3,Valeraldehyde, Gourmand, Fruity,cocoa,86.1323
109-52-4,Valeric acid, Acidic,Cheesy,Fruity,102.1317
121-34-6,Vanillic acid, Gourmand,Creamy,Vanilla,168.1467
121-33-5,Vanillin, Gourmand,Vanilla,Powdery,152.1473
68527-74-2,Vanillin propylene glycol acetal, Gourmand,Vanilla,Sweet,210.2265
82654-98-6,Vanillyl butyl ether, Gourmand,Caramel ,Chocolate,210.2695
13184-86-6,Vanillyl ethyl ether, Gourmand,Sweet,Chocolate,182.2164
120-14-9,Veratraldehyde, Powdery,Sweet,Creamy,166.1739
473-67-6,Verbenol, Citrus,Pine,Fresh,152.2334
68129-81-7,Vetiverol, Woody,Vetiver,Grapefruit,220.3505
122-48-5,Zingerone, Gourmand, Spicy,Sweet,194.2271
546-80-5,α-Thujone, Herbal,Pine,Fruity,152.2334
